id,l_pa,m_pa,v_pa,total_pa,sum_pa
2500100101,14,7,0,52.5,21
2500100201,24.666666666666668,9.5,0,79.75,34.16666666666667
2500100301,3,0.6666666666666666,0,7.5,3.6666666666666665
2500100302,41.5,0.16666666666666666,0,63,41.666666666666664
2500100401,12.75,7,12,146.625,31.75
2500100402,2,0,2,19,4
2500100501,37,17,1.75,146,55.75
2500100601,40.833333333333336,21,6,203.75,67.83333333333334
2500100701,3.75,0,0,5.625,3.75
2500100702,14,7,0,52.5,21
2500100703,3.5,18,0,86.25,21.5
2500100801,1.6666666666666665,14,0,65.5,15.666666666666666
2500100901,4.5,14,1,77.75,19.5
2500101101,10.25,4,0.5,37.375,14.75
2500101201,0.75,10.5,0,48.375,11.25
2500101301,21,39.666666666666664,0,210,60.666666666666664
2500101401,8.833333333333334,14,5,116.25,27.833333333333336
2500101501,7.333333333333332,14,0,74,21.333333333333332
2500101601,16.166666666666668,14,14,199.25,44.16666666666667
2500101701,18.333333333333332,3,7,97,28.333333333333332
2500101702,44.666666666666664,21,0,161.5,65.66666666666666
2500101801,23,7,1.1666666666666665,75.33333333333333,31.166666666666668
2500101901,6,3.333333333333333,0,24,9.333333333333332
2500102001,8.5,7,5,84.25,20.5
2500102101,16,1,4,60.5,21
2500102201,3.5,14,0,68.25,17.5
2500102301,1.75,14,0,65.625,15.75
2500102401,21,0,10,111.5,31
2500102402,2.0833333333333335,7,0,34.625,9.083333333333334
2500102501,23.833333333333332,4,0,53.75,27.833333333333332
2500102601,8.5,2,0,21.75,10.5
2500102701,4.75,4.083333333333334,0,25.500000000000004,8.833333333333334
2500102702,22.083333333333332,4.166666666666667,1,59.875,27.25
2500102801,5.416666666666666,4.666666666666666,0,29.124999999999996,10.083333333333332
2500102901,2.5,14,0,66.75,16.5
2500103001,3.25,4,0,22.875,7.25
2500103101,14.333333333333334,15.666666666666666,2.25,110,32.25
2500103201,8,43,0,205.5,51
2500103202,1.5833333333333333,0.16666666666666666,1.3333333333333333,13.791666666666666,3.083333333333333
2500103301,3,4,0,22.5,7
2500103401,47.5,24.666666666666664,4.833333333333333,220.91666666666666,76.99999999999999
2500103501,11.833333333333332,60.5,0,290,72.33333333333333
2500103601,5.25,6,2,50.875,13.25
2500103701,14.583333333333332,1,0.6666666666666666,31.708333333333332,16.25
2500103801,8,6.333333333333333,0.16666666666666666,41.833333333333336,14.499999999999998
2500103802,7.5,4,1,37.25,12.5
2500103901,30.166666666666664,8,0.75,87.25,38.916666666666664
2500103902,5.5,7,0,39.75,12.5
2500104001,89.33333333333333,3.833333333333333,1,159.25,94.16666666666666
2500104101,30.166666666666668,0,0,45.25,30.166666666666668
2500104102,37,29.166666666666668,0,186.75,66.16666666666667
2500104201,58.333333333333336,3,0,101,61.333333333333336
2500104202,6,42,0,198,48
2500104301,25,7,3,93,35
2500104302,7,15,0,78,22
2500104401,4.166666666666667,14,2,85.25,20.166666666666668
2500104501,15.833333333333332,30,0,158.75,45.83333333333333
2500104601,17.5,35,5,223.75,57.5
2500104701,2.5,4.666666666666666,2,40.75,9.166666666666666
2500104702,33.166666666666664,28,0,175.75,61.166666666666664
2500104801,58,17,5,203.5,80
2500104802,1.8333333333333335,7,0,34.25,8.833333333333334
2500104901,9.25,13.5,7,130.625,29.75
2500105001,5.333333333333333,56,0,260,61.333333333333336
2500105002,36,4,6.666666666666666,125.33333333333333,46.666666666666664
2500105101,4.333333333333333,7.25,0,39.125,11.583333333333332
2500105201,20.666666666666668,35.5,0,190.75,56.16666666666667
2500105301,21.916666666666668,2,2,57.875,25.916666666666668
2500105401,6,7,1,48.5,14
2500105402,6,3,0,22.5,9
2500105501,7.75,4.666666666666666,0,32.625,12.416666666666666
2500105601,88.83333333333333,7.5,6,215,102.33333333333333
2500105602,14.75,14,0,85.125,28.75
2500105701,24.5,3.6666666666666665,0,53.25,28.166666666666668
2500105801,1.6666666666666665,14,0,65.5,15.666666666666666
2500105901,4,3.333333333333333,0.5,25,7.833333333333333
2500106001,27.75,6,1.1666666666666667,77.95833333333333,34.916666666666664
2500106002,2.333333333333333,7,1,43,10.333333333333332
2500106101,5.333333333333333,7,0.5,43.5,12.833333333333332
2500106201,5.2,4.916666666666666,0,29.924999999999997,10.116666666666667
2500106202,30.916666666666668,1.5,0.1,53.925,32.51666666666667
2500106301,4,2,0,15,6
2500106401,9.166666666666666,9,5,94.25,23.166666666666664
2500106501,31.25,18,0,127.875,49.25
2500106601,1.5,0.6666666666666666,0,5.25,2.1666666666666665
2500106701,16.916666666666664,3,0,38.875,19.916666666666664
2500106801,25,8,0,73.5,33
2500106901,45,7,0,99,52
2500107001,22.75,1.3333333333333333,0,40.125,24.083333333333332
2500107101,9.5,45,0,216.75,54.5
2500107201,3.333333333333333,11,0,54.5,14.333333333333332
2500107301,8.5,70,0,327.75,78.5
2500107401,0.6666666666666666,84,0,379,84.66666666666667
2500107501,26.75,28,0,166.125,54.75
2500107601,8.75,6,24,232.125,38.75
2500107602,5.333333333333333,7,1,47.5,13.333333333333332
2500107701,15.25,9,3,87.375,27.25
2500107702,4.333333333333333,1.6666666666666665,0,14,6
2500107801,1.5,14,0,65.25,15.5
2500107901,5,0.5,0,9.75,5.5
2500108001,84,7,3,181.5,94
2500108101,1.5,14,0,65.25,15.5
2500108201,1.8333333333333335,21,3,121.25,25.833333333333332
2500108301,2,3.5,0,18.75,5.5
2500108401,3.5,2.5,0,16.5,6
2500108501,33.5,13.333333333333332,40,430.25,86.83333333333333
2500108701,24.5,14,0,99.75,38.5
2500108801,15.166666666666666,3.833333333333333,0,40,19
2500108901,7.5,3.5,0,27,11
2500109001,4.666666666666666,7,0,38.5,11.666666666666666
2500109101,4.916666666666667,6.416666666666666,0,36.25,11.333333333333332
2500109102,1.5833333333333333,8,3,62.375,12.583333333333334
2500109201,17.166666666666668,2,6,82.75,25.166666666666668
2500109301,17.5,2.333333333333333,0,36.75,19.833333333333332
2500109302,54.666666666666664,10.5,0.16666666666666666,130.58333333333334,65.33333333333333
2500109401,4.666666666666666,0.3333333333333333,0,8.5,4.999999999999999
2500109402,59.5,0.3333333333333333,0.5,94.75,60.333333333333336
2500109501,33,12,36,391.5,81
2500109601,45.5,42.166666666666664,5.5,302,93.16666666666666
2500109701,2.25,2.333333333333333,0,13.874999999999998,4.583333333333333
2500109801,77,21,2,226,100
2500109802,5.5,2,0,17.25,7.5
2500109901,9.333333333333332,4.666666666666666,2,50.99999999999999,15.999999999999998
2500110001,23,29,6,213,58
2500110101,1,46,4,240.5,51
2500110201,21,4.333333333333333,10.166666666666666,132.33333333333331,35.5
2500110501,24.25,11.5,0,88.125,35.75
2500110601,5.75,10,1,61.625,16.75
2500110701,8.333333333333332,20,0,102.5,28.333333333333332
2500110801,12,2,0,27,14
2500110901,5.833333333333333,1.6666666666666665,0,16.25,7.5
2500110902,23.25,25,0,147.375,48.25
2500111001,6.5,28,0,135.75,34.5
2500111101,1.5,56,0,254.25,57.5
2500111201,16.25,17,7,156.875,40.25
2500111301,1.25,14,10,144.875,25.25
2500111401,1.1666666666666665,7,8,97.25,16.166666666666664
2500111501,35.5,22,48,536.25,105.5
2500111601,7,7,0,42,14
2500111701,42,9,0,103.5,51
2500111801,11.666666666666666,28,0,143.5,39.666666666666664
2500111901,9.25,7,4,77.375,20.25
2500112001,20,8,2,82,30
2500112201,3,14,0.25,69.5,17.25
2500112301,9.666666666666666,14,2,93.5,25.666666666666664
2500112401,26,28,2,181,56
2500112501,0.3333333333333333,4.666666666666666,0,21.499999999999996,4.999999999999999
2500112601,21.666666666666668,5,0,55,26.666666666666668
2500112602,9.833333333333332,2.333333333333333,0,25.249999999999996,12.166666666666664
2500112701,19.833333333333332,0.6666666666666666,14,144.75,34.5
2500112801,35,34,20,365.5,89
2500112802,14,6,0,48,20
2500112901,36,27.333333333333332,0.8333333333333333,183.66666666666666,64.16666666666666
2500113001,2.75,4,3.5,50.125,10.25
2500113101,6.5,3,3,47.25,12.5
2500113102,8.75,3.5,0,28.875,12.25
2500113201,3,4.666666666666666,0,25.499999999999996,7.666666666666666
2500113301,2.6666666666666665,28,0,130,30.666666666666668
2500113401,44,4,0,84,48
2500113402,11,14,0,79.5,25
2500113501,10,4.666666666666666,1,44,15.666666666666666
2500113502,31.5,7,0.5,82.75,39
2500113602,22,16.333333333333332,0,106.5,38.33333333333333
2500113701,2.0833333333333335,0,0,3.125,2.0833333333333335
2500113801,43.75,4,3,107.625,50.75
2500113802,1.0833333333333333,21,0,96.125,22.083333333333332
2500113901,9,10,2,74.5,21
2500114001,4,9.333333333333332,1,55.99999999999999,14.333333333333332
2500114201,8.75,21,3,131.625,32.75
2500114301,29.5,43,0,237.75,72.5
2500114302,46.666666666666664,54,8,377,108.66666666666666
2500114401,13.25,7,1.5,63.375,21.75
2500114601,7,9.333333333333332,4,84.5,20.333333333333332
2500114701,8.333333333333332,67,13.25,420,88.58333333333333
2500114702,39.333333333333336,112,1,571,152.33333333333334
2500114801,19,2,0,37.5,21
2500114802,112.5,8,0,204.75,120.5
2500114901,45,44,0,265.5,89
2500114902,28,3,0,55.5,31
2500115001,3.6666666666666665,2.9999999999999996,0,19,6.666666666666666
2500115101,24.5,17,0,113.25,41.5
2500115102,30.5,27,0,167.25,57.5
2500115201,4.666666666666666,14,0,70,18.666666666666664
2500115301,2,3,0,16.5,5
2500115302,10.666666666666666,7,0,47.5,17.666666666666664
2500115401,4.75,84,0,385.125,88.75
2500115501,4.166666666666667,1,0,10.75,5.166666666666667
2500115502,9.5,3.5,0,30,13
2500115602,19.333333333333332,3.5,0,44.75,22.833333333333332
2500115701,23,1,0,39,24
2500115801,5.5,7,0,39.75,12.5
2500115901,2.333333333333333,5,1,34,8.333333333333332
2500116001,50,54,0,318,104
2500116101,55,9,6,171,70
2500116102,8,15.166666666666666,0,80.25,23.166666666666664
2500116103,45,0.6666666666666666,0,70.5,45.666666666666664
2500116104,5,42,0,196.5,47
2500116105,0,14,0,63,14
2500116201,14.583333333333332,65.33333333333333,25.666666666666664,521.2083333333333,105.58333333333331
2500116202,13.999999999999998,0,0,20.999999999999996,13.999999999999998
2500116301,24.5,49,28,481.25,101.5
2500116302,61.25,7.666666666666667,0,126.375,68.91666666666667
2500116401,8.166666666666666,4.666666666666666,0,33.25,12.833333333333332
2500116501,4.666666666666666,14,0,70,18.666666666666664
2500116601,7.666666666666667,12,0.5,69.5,20.166666666666668
2500116701,7,56,0,262.5,63
2500116702,7,2.1166666666666667,0.3333333333333333,22.691666666666666,9.450000000000001
2500116801,11.5,4.5,1.1666666666666665,46.83333333333333,17.166666666666668
2500116802,31,9.5,0.3333333333333333,91.91666666666667,40.833333333333336
2500116901,5.333333333333333,20,40,418,65.33333333333333
2500116902,8.5,14,0,75.75,22.5
2500117001,3.583333333333333,28,0,131.375,31.583333333333332
2500117101,5.833333333333333,54,1,259.75,60.833333333333336
2500117201,10.75,11,0,65.625,21.75
2500117202,15,4.5,1.5,54.75,21
2500117203,3.333333333333333,28,0.5,135,31.833333333333332
2500117301,27,15,0,108,42
2500117401,14.5,2.5,0.5,37,17.5
2500117501,46,1.6666666666666665,4,108.5,51.666666666666664
2500117502,2.5,28,1,137.75,31.5
2500117601,5.333333333333333,7,0,39.5,12.333333333333332
2500117701,0.3333333333333333,28,2,142.5,30.333333333333332
2500117801,14.333333333333334,4.833333333333333,0,43.25,19.166666666666668
2500117802,10,2,0,24,12
2500117901,11,3,0,30,14
2500118001,44.333333333333336,85,0,449,129.33333333333334
2500118101,5.666666666666667,5.833333333333332,0,34.74999999999999,11.5
2500118201,49.666666666666664,2.333333333333333,1.1666666666666665,94.33333333333333,53.166666666666664
2500118301,3,14,0.5,71.5,17.5
2500118401,34,17,1.5,139.5,52.5
2500118501,9,4,6,79.5,19
2500118502,9.416666666666666,4,0,32.125,13.416666666666666
2500118601,0,2,0.5,13,2.5
2500118701,4.25,1.6666666666666667,2,29.875,7.916666666666667
2500118801,3.2499999999999996,9.5,2.5,67.625,15.25
2500118901,2.6666666666666665,14,0,67,16.666666666666668
2500119001,9.5,2.333333333333333,0,24.75,11.833333333333332
2500119101,86.33333333333333,6.333333333333333,16.333333333333332,288.66666666666663,108.99999999999999
2500119201,28,3.5,1,65.75,32.5
2500119301,2.583333333333333,66,9,372.875,77.58333333333333
2500119401,9.333333333333332,15.5,0,83.75,24.833333333333332
2500119601,7.333333333333333,28,10.5,221,45.833333333333336
2500119701,4.25,30,0,141.375,34.25
2500119901,22.75,10,0,79.125,32.75
2500119902,17,56,0,277.5,73
2500120001,11.666666666666666,33,0.8333333333333333,172.66666666666666,45.5
2500120101,5.25,21,0,102.375,26.25
2500120301,3,12,0,58.5,15
2500120401,9,4,2.5,51.5,15.5
2500120402,5.5,2.333333333333333,0,18.75,7.833333333333333
2500120501,16.916666666666668,2,0,34.375,18.916666666666668
2500120601,1.9166666666666665,2.333333333333333,0,13.374999999999998,4.25
2500120602,15.333333333333332,2.6666666666666665,0,35,18
2500120701,0.8333333333333333,14,4,96.25,18.833333333333336
2500120801,11,2,0,25.5,13
2500120901,4.666666666666666,4.666666666666666,0,27.999999999999996,9.333333333333332
2500121001,1.6666666666666665,21,0,97,22.666666666666668
2500121101,15.5,24,3,155.25,42.5
2500121201,8.5,10,0,57.75,18.5
2500121301,11.5,30,0,152.25,41.5
2500121302,14,31.5,5,202.75,50.5
2500121401,8.166666666666666,16,0,84.25,24.166666666666664
2500121501,6.833333333333333,28,0,136.25,34.833333333333336
2500121601,15.166666666666666,2,0,31.75,17.166666666666664
2500121701,38,10.333333333333332,14.333333333333334,218.16666666666669,62.666666666666664
2500121801,8,21,6,154.5,35
2500121901,0.6666666666666666,14,0,64,14.666666666666666
2500122001,2,2,2,28,6
2500122002,16.25,8.833333333333334,0,64.125,25.083333333333336
2500122101,50,68,0,381,118
2500122201,17.5,11.666666666666664,0,78.74999999999999,29.166666666666664
2500122301,6.333333333333333,30.333333333333336,0,146,36.66666666666667
2500122401,25,8,0,73.5,33
2500122501,6.5,28,3,159.75,37.5
2500122601,7,14,0,73.5,21
2500122701,2.3333333333333335,49,0,224,51.333333333333336
2500122801,56,2,7,149,65
2500122901,7.833333333333333,14,0,74.75,21.833333333333332
2500123001,1,2.333333333333333,0,11.999999999999998,3.333333333333333
2500123101,8.333333333333332,8.166666666666666,1,57.25,17.5
2500123201,4.25,40,0,186.375,44.25
2500123301,1.75,4,0.16666666666666666,21.958333333333332,5.916666666666667
2500123401,12.333333333333332,6.5,2.5,67.75,21.333333333333332
2500123501,6.25,5.25,0,33,11.5
2500123502,3,56,1.5,268.5,60.5
2500123601,4.666666666666666,2.4999999999999996,0,18.249999999999996,7.166666666666666
2500123701,31.666666666666668,28,0,173.5,59.66666666666667
2500123801,6,6,0,36,12
2500123802,1.0833333333333333,16,0,73.625,17.083333333333332
2500124001,6,12,0,63,18
2500124101,0.6666666666666666,6,4,60,10.666666666666668
2500124201,14,28,0,147,42
2500124301,42.666666666666664,43,0.16666666666666666,258.8333333333333,85.83333333333333
2500124401,3,14,5,107.5,22
2500124501,9,21,0,108,30
2500124601,13.5,14,0,83.25,27.5
2500124701,6.666666666666666,0,1,18,7.666666666666666
2500124702,16.333333333333332,31.666666666666668,0.16666666666666666,168.33333333333334,48.166666666666664
2500124801,12.5,14,0,81.75,26.5
2500124901,56,4.666666666666666,2.333333333333333,123.66666666666666,63
2500125001,1,14,0,64.5,15
2500125101,12.5,1.3333333333333333,0,24.75,13.833333333333334
2500125201,0.8333333333333333,35,0,158.75,35.833333333333336
2500125301,25,20,10,207.5,55
2500125401,3,40,0,184.5,43
2500125501,13.5,14,3.5,111.25,31
2500125601,12,0,0,18,12
2500125701,4.666666666666666,0,0,6.999999999999999,4.666666666666666
2500125702,6.166666666666666,4.666666666666666,1,38.25,11.833333333333332
2500125801,2.5,0,0,3.75,2.5
2500125802,72,18,1.5,201,91.5
2500125901,7.5,3.5,0,27,11
2500126001,17,7,0,57,24
2500126101,7,0,0,10.5,7
2500126201,19,2.5,0,39.75,21.5
2500126301,5.5,28,2,150.25,35.5
2500126401,12.25,13.166666666666666,6,125.625,31.416666666666664
2500126402,3.75,4,4,55.625,11.75
2500126501,5.25,8.5,3.5,74.125,17.25
2500126601,11.083333333333334,3.333333333333333,0,31.625,14.416666666666668
2500126701,18.333333333333332,25,20,300,63.33333333333333
2500126801,1.1666666666666665,28,7,183.75,36.16666666666667
2500126901,2.5,0,0,3.75,2.5
2500127001,4.75,14,0,70.125,18.75
2500127101,4,7,0,37.5,11
2500127201,8.75,7,0,44.625,15.75
2500127301,0.5,12,0,54.75,12.5
2500127401,28,22,0,141,50
2500127501,1.3333333333333333,4,1,28,6.333333333333333
2500127601,7,2,0,19.5,9
2500127602,15,60,0,292.5,75
2500127701,12,1.0333333333333334,4.5,58.65,17.53333333333333
2500127801,2.9166666666666665,56,2,272.375,60.916666666666664
2500127901,7.333333333333333,42,1.3333333333333333,210.66666666666666,50.66666666666667
2500128001,22.083333333333332,46,2,256.125,70.08333333333333
2500128101,13.583333333333332,2,35,309.375,50.58333333333333
2500128102,26.5,14,3.5,130.75,44
2500128201,25.5,34,0,191.25,59.5
2500128301,1,9.333333333333332,0,43.49999999999999,10.333333333333332
2500128401,62.333333333333336,7,0,125,69.33333333333334
2500128501,4,12.5,2,78.25,18.5
2500128601,14,0,0,21,14
2500128701,7.666666666666666,24,2,135.5,33.666666666666664
2500128801,4.166666666666666,10,0,51.25,14.166666666666666
2500128802,34,17.333333333333332,0.8333333333333333,135.66666666666666,52.166666666666664
2500128901,1.75,84,5.25,422.625,91
2500128902,52.5,49,9,371.25,110.5
2500129001,2,4.666666666666666,0,23.999999999999996,6.666666666666666
2500129101,19,0,0,28.5,19
2500129201,10,20,1.5,117,31.5
2500129301,12.5,84,0,396.75,96.5
2500129401,56.333333333333336,50,0,309.5,106.33333333333334
2500129501,1.5,2,0,11.25,3.5
2500129701,14,4.666666666666666,0,42,18.666666666666664
2500129702,31.666666666666668,16,10,199.5,57.66666666666667
2500129801,8,0,0,12,8
2500129802,17,8,0,61.5,25
2500129901,4.666666666666666,84,0,385,88.66666666666667
2500130001,8,12,0,66,20
2500130101,10,19,3,124.5,32
2500130102,44,30,3,225,77
2500130201,66,42,0.5,292,108.5
2500130301,0.75,21,0,95.625,21.75
2500130401,30,17,0,121.5,47
2500130501,4,14,0,69,18
2500130601,2.333333333333333,28,22,305.5,52.33333333333333
2500130701,12.166666666666666,22,1,125.25,35.166666666666664
2500130702,16,24,30,372,70
2500130801,8.5,5,0,35.25,13.5
2500130802,5.833333333333334,20,0,98.75,25.833333333333336
2500130901,15,21,0,117,36
2500131001,6.5,7,0,41.25,13.5
2500131101,4,14,0,69,18
2500131201,3.5,28,0,131.25,31.5
2500131301,9.5,26,0,131.25,35.5
2500131401,84.5,10.5,5,214,100
2500131501,33.25,11,0.25,101.375,44.5
2500131601,3,16.5,1.5,90.75,21
2500131701,0.5,14,6,111.75,20.5
2500131801,11.333333333333334,7,1,56.5,19.333333333333336
2500131901,7.5,40,0,191.25,47.5
2500131902,12.5,7,0,50.25,19.5
2500132001,22.833333333333332,9.5,0,77,32.33333333333333
2500132101,6.666666666666666,12,1.0833333333333333,72.66666666666667,19.749999999999996
2500132201,2.9166666666666665,45,0,206.875,47.916666666666664
2500132301,6,14,0,72,20
2500132401,8,4,0,30,12
2500132501,11,8,1.5,64.5,20.5
2500132601,9,42,0,202.5,51
2500132701,3.4166666666666665,42,0,194.125,45.416666666666664
2500132801,3,2,5,53.5,10
2500132901,49.5,53,2,328.75,104.5
2500133001,5.833333333333333,20,0,98.75,25.833333333333332
2500133002,10.5,2.333333333333333,2.5,46.25,15.333333333333332
2500133101,68,15,32,425.5,115
2500133102,10,10,0,60,20
2500133201,15,12,0,76.5,27
2500133301,20,7.5,0.5,67.75,28
2500133401,2.75,4.666666666666666,0,25.124999999999996,7.416666666666666
2500133601,3.7,60,0,275.55,63.7
2500133602,9.5,4,3,56.25,16.5
2500133701,12.166666666666666,4.166666666666667,2,53,18.333333333333332
2500133801,9,4,0,31.5,13
2500133901,11.5,20,4,139.25,35.5
2500134001,2,70,0,318,72
2500134101,23.166666666666668,32,0,178.75,55.16666666666667
2500134201,36.25,18.833333333333332,2.6666666666666665,160.45833333333334,57.74999999999999
2500134301,42,68,1,377,111
2500134401,0.6666666666666666,14,0,64,14.666666666666666
2500134501,1.9166666666666665,3,0,16.375,4.916666666666666
2500134601,11.5,28,0,143.25,39.5
2500134701,3.5,10,0,50.25,13.5
2500134801,3.1666666666666665,20,0.16666666666666666,96.08333333333333,23.333333333333336
2500134901,0.5,6,12,123.75,18.5
2500134902,3.8333333333333335,8.666666666666666,3,68.75,15.5
2500135001,17.7,12,1,88.55,30.7
2500135101,12.833333333333334,13.666666666666666,4.833333333333333,119.41666666666666,31.333333333333332
2500135201,11.5,1,1,29.75,13.5
2500135202,21,4,0,49.5,25
2500135301,0,3.6666666666666665,0,16.5,3.6666666666666665
2500135302,3.5,15,0,72.75,18.5
2500135401,31.166666666666668,0,1,54.75,32.16666666666667
2500135701,5.666666666666666,4,0,26.5,9.666666666666666
2500135801,38.5,35,0,215.25,73.5
2500135901,9,2,3,46.5,14
2500200101,3.583333333333333,6.333333333333333,0.16666666666666666,35.208333333333336,10.083333333333332
2500200102,14.333333333333334,10,2.25,84.5,26.583333333333336
2500200103,43.75,12.5,9,193.875,65.25
2500200201,69,1,42,444,112
2500200202,0,21,0.05,94.9,21.05
2500200301,12.416666666666668,6,0,45.625,18.416666666666668
2500200401,6.166666666666666,12,3.25,89.25,21.416666666666664
2500200402,60,6,2,133,68
2500200501,5,2.333333333333333,3,42,10.333333333333332
2500200601,3,42,0,193.5,45
2500200701,13.333333333333332,16.333333333333332,0,93.5,29.666666666666664
2500200801,11,9.25,0,58.125,20.25
2500200901,80.66666666666667,4.5,3,165.25,88.16666666666667
2500200902,29,8,17,215.5,54
2500201001,2.5,2,0,12.75,4.5
2500201002,2.1666666666666665,1.25,0,8.875,3.4166666666666665
2500201102,6.25,3.5,0,25.125,9.75
2500201201,61.5,63,2,391.75,126.5
2500201401,41.5,43.5,4.5,294,89.5
2500201501,36,4.166666666666667,2,88.75,42.166666666666664
2500201502,8,4.666666666666666,0,33,12.666666666666666
2500201601,8.75,14,8,140.125,30.75
2500201701,70,34,1.5,270,105.5
2500201801,3.1666666666666665,24,0,112.75,27.166666666666668
2500201901,7.166666666666666,11,1.5,72.25,19.666666666666664
2500202001,14,0,0,21,14
2500202101,36,0,0,54,36
2500202102,3.25,12.5,0,61.125,15.75
2500202201,9.75,28,0,140.625,37.75
2500202301,76,3.3333333333333335,50.25,531,129.58333333333331
2500202302,14,24,5,169,43
2500202401,13,1,0,24,14
2500202701,19,12,2.5,102.5,33.5
2500202702,19.5,14,0,92.25,33.5
2500202801,15.5,3.75,0,40.125,19.25
2500202901,9,0,0,13.5,9
2500203001,9.666666666666666,28,0,140.5,37.666666666666664
2500203201,52.333333333333336,63,0,362,115.33333333333334
2500203301,1,0,0,1.5,1
2500203401,24.25,9.333333333333332,40.166666666666664,399.7083333333333,73.75
2500203501,29,8,0,79.5,37
2500203601,3.333333333333333,4.666666666666666,2,42,10
2500203701,14.5,20,2,127.75,36.5
2500203801,22,58,0,294,80
2500203901,18.25,17,0,103.875,35.25
2500203902,4,1,0,10.5,5
2500204001,25.833333333333332,9,0,79.25,34.83333333333333
2500204101,14.333333333333334,1.3333333333333333,1.3333333333333333,38.166666666666664,17
2500204201,4.666666666666666,28.666666666666668,0,136,33.333333333333336
2500204301,4.166666666666667,12,0,60.25,16.166666666666668
2500204302,29.5,6.5,2,89.5,38
2500204401,56,28,0,210,84
2500204402,8,8,0,48,16
2500204501,10.5,5.5,1,48.5,17
2500204601,5,7,0,39,12
2500204701,4.5,10.5,0,54,15
2500204702,8.666666666666666,2,2,38,12.666666666666666
2500204801,8.5,14,0,75.75,22.5
2500204901,14.5,14,0,84.75,28.5
2500205001,19.75,4,0,47.625,23.75
2500205002,52,7,0,109.5,59
2500205101,25,18,0,118.5,43
2500205201,32.5,6,0,75.75,38.5
2500205301,10.5,5.666666666666666,2,57.25,18.166666666666664
2500205401,35,4.166666666666666,0,71.25,39.166666666666664
2500205501,8.5,0.5,0,15,9
2500205601,14,12,1.3333333333333333,85.66666666666667,27.333333333333332
2500205701,5.583333333333333,3.9166666666666665,3.1666666666666665,51.33333333333333,12.666666666666666
2500205801,39.5,8,0,95.25,47.5
2500205802,35,8,0,88.5,43
2500205901,3,6.666666666666666,0,34.5,9.666666666666666
2500206001,13.083333333333334,3.5,6.5,87.375,23.083333333333336
2500206101,4.083333333333333,15,0.3333333333333333,76.29166666666667,19.416666666666664
2500206201,31.25,28.5,0,175.125,59.75
2500206301,31,11,0,96,42
2500206401,3.5,10.416666666666668,0,52.12500000000001,13.916666666666668
2500206501,18.833333333333332,28,0,154.25,46.83333333333333
2500206601,17.5,20,0,116.25,37.5
2500206701,131.5,0.6666666666666666,0,200.25,132.16666666666666
2500206801,99.5,98,0,590.25,197.5
2500206901,21.5,14,0,95.25,35.5
2500206902,4,5.166666666666666,1,37.25,10.166666666666666
2500207001,3,2.333333333333333,0,14.999999999999998,5.333333333333333
2500207101,9.5,1.5,0.5,25,11.5
2500207201,20.166666666666668,3.5,4,78,27.666666666666668
2500207202,16.333333333333332,0.5,0,26.75,16.833333333333332
2500207301,2.333333333333333,0.16666666666666666,0,4.25,2.4999999999999996
2500207401,16.25,63,0,307.875,79.25
2500207501,14,20,0.16666666666666666,112.33333333333333,34.166666666666664
2500207601,22.5,34.5,0.3333333333333333,191.66666666666666,57.333333333333336
2500207701,9,6,0,40.5,15
2500207801,2.3333333333333335,20,0,93.5,22.333333333333332
2500207802,5.25,7,0,39.375,12.25
2500207901,2.5,2,1,20.75,5.5
2500208001,17.5,8,2,78.25,27.5
2500208101,7,4,1.5,40.5,12.5
2500208102,27.333333333333332,20.5,9.25,207.25,57.08333333333333
2500208201,18.416666666666668,6,3,78.625,27.416666666666668
2500208301,9.5,1,0,18.75,10.5
2500208401,1.1666666666666665,10,0.25,48.75,11.416666666666666
2500208501,3,15.5,0,74.25,18.5
2500208502,8.5,14,0,75.75,22.5
2500208601,8.5,3.833333333333333,0,30,12.333333333333332
2500208701,7,14,3.3333333333333335,100.16666666666667,24.333333333333332
2500208702,8.25,1.5,0.75,25.125,10.5
2500208801,38.5,1.3333333333333333,0,63.75,39.833333333333336
2500208901,63,1.6666666666666665,0,102,64.66666666666667
2500209001,14.166666666666666,7,20,212.75,41.166666666666664
2500209101,13.333333333333332,7.5,0,53.75,20.833333333333332
2500209201,2.1666666666666665,5,4,57.75,11.166666666666666
2500209301,22,0,0,33,22
2500209401,20.416666666666668,20,20,280.625,60.41666666666667
2500209501,14,42.5,0.25,214.25,56.75
2500209601,16.5,6.666666666666666,2,70.75,25.166666666666664
2500209701,6,14,0,72,20
2500209801,6.5,5,0.16666666666666666,33.583333333333336,11.666666666666666
2500209901,21,14,0,94.5,35
2500209902,150.5,4,8,307.75,162.5
2500210001,7,4.666666666666666,2,47.5,13.666666666666666
2500210002,17.25,0,0,25.875,17.25
2500210101,6.333333333333333,37,2,192,45.333333333333336
2500210102,45.166666666666664,3.5,0,83.5,48.666666666666664
2500210201,32.5,10,0,93.75,42.5
2500210301,13,25,0,132,38
2500210401,14,4.666666666666666,0,42,18.666666666666664
2500210501,1.75,14,0,65.625,15.75
2500210601,11.583333333333334,6,0.16666666666666666,45.708333333333336,17.750000000000004
2500210602,2.9999999999999996,2.333333333333333,0.3333333333333333,17.666666666666664,5.666666666666665
2500210701,126,0,0,189,126
2500210801,14.666666666666666,1.1666666666666665,11,115.25,26.833333333333332
2500210901,3.833333333333333,5.833333333333333,0,32,9.666666666666666
2500210902,4.25,7,10,117.875,21.25
2500211001,18,0.23333333333333334,0,28.05,18.233333333333334
2500211002,23.333333333333332,14,3,122,40.33333333333333
2500211201,5.916666666666666,3,5,62.375,13.916666666666666
2500211301,18,4,4,77,26
2500211401,17,8,0,61.5,25
2500211402,3.25,56,0,256.875,59.25
2500211501,28,48,4,290,80
2500211502,7.333333333333333,10.666666666666666,0,59,18
2500211503,16.666666666666668,12,0,79,28.666666666666668
2500211601,19.25,28,0,154.875,47.25
2500211701,25.5,1,2,58.75,28.5
2500211801,13.166666666666666,70,0,334.75,83.16666666666667
2500211901,5.5,6,0,35.25,11.5
2500212001,3.75,14,0,68.625,17.75
2500212101,7.5,30,0.6666666666666666,151.58333333333334,38.166666666666664
2500212301,3,3.333333333333333,2,35.5,8.333333333333332
2500212401,4.666666666666666,22.75,6,157.375,33.416666666666664
2500212501,7,8,1.5,58.5,16.5
2500212601,5,8,0,43.5,13
2500212701,4,31,0,145.5,35
2500212801,0,24,0,108,24
2500212901,10,5,0,37.5,15
2500213001,31.166666666666668,5.666666666666667,16,200.25,52.833333333333336
2500213002,13.333333333333332,6,0,47,19.333333333333332
2500213101,3.5,21,4,131.75,28.5
2500213201,8.5,7,0.5833333333333333,48.916666666666664,16.083333333333332
2500213301,11.5,12.5,0,73.5,24
2500213401,7.333333333333333,14.5,0,76.25,21.833333333333332
2500213501,27.75,27,0,163.125,54.75
2500213601,71.75,10.333333333333332,1,162.125,83.08333333333333
2500213701,1.1666666666666665,2.833333333333333,12,110.5,16
2500213702,3.4999999999999996,5.666666666666666,0,30.749999999999996,9.166666666666666
2500213801,69.16666666666667,7,0,135.25,76.16666666666667
2500213901,7.666666666666666,2,0,20.5,9.666666666666666
2500214001,12.333333333333332,3.333333333333333,8,97.5,23.666666666666664
2500214101,11.5,7,0,48.75,18.5
2500214201,25,98,0,478.5,123
2500214301,22.166666666666668,57,1,297.75,80.16666666666667
2500214401,9,0,0,13.5,9
2500214501,7.083333333333333,5.5,2,51.375,14.583333333333332
2500214601,7.583333333333333,16,0,83.375,23.583333333333332
2500214602,6.166666666666666,9,0,49.75,15.166666666666666
2500214701,6.5,16,2,97.75,24.5
2500214901,3.5,28,7,187.25,38.5
2500214902,15.833333333333334,0,0,23.75,15.833333333333334
2500215001,34.833333333333336,14,4,147.25,52.833333333333336
2500215101,5.5,1.5,0,15,7
2500215201,5.833333333333333,20,0,98.75,25.833333333333332
2500215301,7,3.9999999999999996,5.166666666666667,69.83333333333333,16.166666666666668
2500215401,34.5,4.333333333333333,2.1666666666666665,88.58333333333333,41
2500215501,5.166666666666666,2,3,40.75,10.166666666666666
2500215601,15.666666666666666,16.5,0,97.75,32.166666666666664
2500215701,3.333333333333333,18,0,86,21.333333333333332
2500215801,8.666666666666666,7,7,100.5,22.666666666666664
2500215802,30,4,0,63,34
2500215901,7.5,7.5,0,45,15
2500216001,10.25,4.833333333333333,3.5,65.125,18.583333333333332
2500216101,13.75,2,2,45.625,17.75
2500216201,13,3.5,10.666666666666666,120.58333333333333,27.166666666666664
2500216301,26.5,23.333333333333332,21,312.75,70.83333333333333
2500216501,4.5,4,0,24.75,8.5
2500216601,14,14,3.3333333333333335,110.66666666666667,31.333333333333332
2500216701,5.583333333333333,1.3333333333333333,0,14.375,6.916666666666666
2500216702,15,4,2,56.5,21
2500216801,15,7,0,54,22
2500216802,30.5,2.5,0,57,33
2500216901,31.5,21.5,1,152,54
2500217001,12,14,0,81,26
2500217101,33.333333333333336,0,0,50,33.333333333333336
2500217301,12,0,2,34,14
2500217302,24.25,0,0,36.375,24.25
2500217401,5,56.5,1,269.75,62.5
2500217501,3.6666666666666665,0,0,5.5,3.6666666666666665
2500217601,8.666666666666666,8,0,49,16.666666666666664
2500217801,15.5,14,0,86.25,29.5
2500217901,15.5,1.6666666666666665,5.25,72.75,22.416666666666668
2500218001,17.5,8,0,62.25,25.5
2500218101,15,0,0,22.5,15
2500218201,7.666666666666666,9,0,52,16.666666666666664
2500218301,7.5,5.333333333333333,0,35.25,12.833333333333332
2500218401,57.5,2,7,151.25,66.5
2500218501,17.333333333333332,14,1,97,32.33333333333333
2500218601,9.5,14,0,77.25,23.5
2500218701,14.666666666666666,2.833333333333333,0,34.75,17.5
2500218801,38.33333333333333,11,2,123,51.33333333333333
2500219001,8.416666666666666,7,0,44.125,15.416666666666666
2500219101,152.75,97,140,1785.625,389.75
2500219201,7,0.16666666666666666,0,11.25,7.166666666666667
2500219301,14,7,0,52.5,21
2500219401,13,0,3,43.5,16
2500219501,5.5,6,1,43.25,12.5
2500219502,1,7,0,33,8
2500219701,6.666666666666666,2,0,19,8.666666666666666
2500219801,15.333333333333334,5.25,0,46.625,20.583333333333336
2500219901,8.75,6,0,40.125,14.75
2500220001,36,6.833333333333333,2,100.75,44.833333333333336
2500220101,9.5,6.666666666666666,0,44.25,16.166666666666664
2500220102,11.083333333333334,3.1666666666666665,0,30.875,14.25
2500220201,4.666666666666666,4.666666666666666,3.75,58,13.083333333333332
2500220301,13.333333333333332,6,2.5,67,21.833333333333332
2500220401,7,1,0,15,8
2500220501,1.8333333333333333,6,0,29.75,7.833333333333333
2500220601,9.583333333333332,6,6,89.375,21.583333333333332
2500220701,60.666666666666664,4,0,109,64.66666666666666
2500220801,5.666666666666667,3.5,0,24.25,9.166666666666668
2500220901,4.5,8.5,0,45,13
2500221001,10,3.833333333333333,0,32.25,13.833333333333332
2500221002,7,0,0,10.5,7
2500221101,7,0,0,10.5,7
2500221201,2.1666666666666665,6,0,30.25,8.166666666666666
2500221301,21,6,5,98.5,32
2500221401,20.333333333333332,2.333333333333333,4,73,26.666666666666664
2500221402,34,18,0,132,52
2500221501,2.25,4,2,37.375,8.25
2500221502,14,0,20,181,34
2500221601,9,5.333333333333333,0,37.5,14.333333333333332
2500221701,16.166666666666668,2,0,33.25,18.166666666666668
2500221702,7,14,0,73.5,21
2500221801,8.666666666666666,2,0,22,10.666666666666666
2500221901,10.25,28.5,0,143.625,38.75
2500222001,5.166666666666666,18.166666666666668,0,89.5,23.333333333333336
2500222101,6.166666666666666,0,2.25,27.25,8.416666666666666
2500222201,8.583333333333334,6,0,39.875,14.583333333333334
2500222301,15.333333333333334,12,6,125,33.333333333333336
2500222401,4.333333333333333,0.5,2,24.75,6.833333333333333
2500222402,4.5,3,0,20.25,7.5
2500222501,21.333333333333332,7,0,63.5,28.333333333333332
2500222601,13.916666666666666,115.5,0,540.625,129.41666666666666
2500222701,13.75,7,0.5,56.125,21.25
2500222801,27,10.5,9,159.75,46.5
2500222901,40.5,16,1,140.75,57.5
2500223001,2.6666666666666665,0.25,0,5.125,2.9166666666666665
2500223002,12.416666666666666,12,6,120.625,30.416666666666664
2500223101,7.166666666666666,17,0,87.25,24.166666666666664
2500223201,8,4.666666666666666,0,33,12.666666666666666
2500223202,23.166666666666668,7.333333333333333,20,227.75,50.5
2500223301,9.833333333333334,5.5,3,63.5,18.333333333333336
2500223401,18.25,10,2.5,92.375,30.75
2500223501,2.3333333333333335,0,1,11.5,3.3333333333333335
2500223601,10.5,3,2.1666666666666665,46.58333333333333,15.666666666666666
2500223701,1.5,4.666666666666666,0,23.249999999999996,6.166666666666666
2500223801,9.000000000000002,3.1666666666666665,1,35.75,13.166666666666668
2500400101,7.25,15.75,2,97.75,25
2500400201,10.166666666666666,42,0,204.25,52.166666666666664
2500400301,7.75,8.5,2,65.875,18.25
2500400302,8,14,0,75,22
2500400401,15.5,14,0,86.25,29.5
2500400501,8,6,1.5,51,15.5
2500400601,50.833333333333336,14,4,171.25,68.83333333333334
2500400701,7,14.5,9,147.75,30.5
2500400801,0.8333333333333333,28,0,127.25,28.833333333333332
2500400901,10,5,1.3333333333333333,48.166666666666664,16.333333333333332
2500401001,1.1666666666666665,10,1.5,58.75,12.666666666666666
2500401101,27,60,8,374.5,95
2500401201,7.25,14,0,73.875,21.25
2500401301,58.5,27.333333333333332,4,242.75,89.83333333333333
2500401401,12,0,0,18,12
2500401501,5.5,20,3,122.25,28.5
2500401502,4,28,0,132,32
2500401601,3.333333333333333,0.3333333333333333,28,230.5,31.666666666666668
2500401602,7.666666666666666,21,0,106,28.666666666666664
2500401701,27,28,7,222.5,62
2500401801,1.5,60.5,0,274.5,62
2500401901,8.666666666666666,0,67,549,75.66666666666667
2500402001,20,38,0,201,58
2500402101,16.5,7,2,72.25,25.5
2500402201,2.1666666666666665,43,1.1666666666666665,206.08333333333334,46.33333333333333
2500402202,86,0.5,3,155.25,89.5
2500402301,1.5,28,0,128.25,29.5
2500402401,5.916666666666666,143.5,2.333333333333333,673.2916666666666,151.75
2500402501,6.5,14,0,72.75,20.5
2500402601,4.583333333333333,14,0,69.875,18.583333333333332
2500402701,2.5,4.333333333333333,0,23.25,6.833333333333333
2500402801,75,5,2,151,82
2500402901,13.666666666666666,8,0,56.5,21.666666666666664
2500402902,7,14,0,73.5,21
2500402903,30,0,18,189,48
2500403001,17.5,1.8333333333333333,1.5,46.5,20.833333333333332
2500403101,44,14.333333333333334,4,162.5,62.333333333333336
2500403201,6,1.3333333333333333,2,31,9.333333333333332
2500403301,8,28,0,138,36
2500403401,6.666666666666666,7,1.5,53.5,15.166666666666666
2500403501,10.166666666666666,70,0,330.25,80.16666666666667
2500403601,89,9,154,1406,252
2500403701,8.916666666666666,15,1.5,92.875,25.416666666666664
2500403801,19.916666666666668,13.333333333333334,0.75,95.875,34
2500403901,102.5,29,1,292.25,132.5
2500404001,2.1666666666666665,6.166666666666666,2,47,10.333333333333332
2500404101,25,44,56,683.5,125
2500404201,20,10,0,75,30
2500404202,18.25,29,0,157.875,47.25
2500404301,7.416666666666666,28,0,137.125,35.416666666666664
2500404401,20.333333333333332,2.333333333333333,0,41,22.666666666666664
2500404501,36.5,56,3,330.75,95.5
2500404601,18,10,12,168,40
2500404701,86,97,75,1165.5,258
2500404801,8.75,10,0,58.125,18.75
2500404901,17,54,36,556.5,107
2500405001,2.583333333333333,0.5,0,6.125,3.083333333333333
2500405101,4.333333333333333,7,0,38,11.333333333333332
2500405201,6,2,0,18,8
2500405301,39.5,4.5,0,79.5,44
2500405401,2.1666666666666665,12.25,0,58.375,14.416666666666666
2500405501,17,9.666666666666666,4.166666666666666,102.33333333333333,30.83333333333333
2500405601,4.5,42,0,195.75,46.5
2500405701,2.5,5,2,42.25,9.5
2500405901,3.1666666666666665,14,0.6666666666666666,73.08333333333333,17.833333333333336
2500406001,1.3333333333333333,9,12.5,142.5,22.833333333333336
2500406201,23.333333333333332,7,4,98.5,34.33333333333333
2500406401,6.75,3.333333333333333,0,25.125,10.083333333333332
2500406501,6.5,4.333333333333333,0,29.25,10.833333333333332
2500406601,34.5,49,1,280.25,84.5
2500406701,28.5,37,0,209.25,65.5
2500406801,9,7,0,45,16
2500406901,2,28,16,257,46
2500407001,62,70,0,408,132
2500407101,119,1.5,0,185.25,120.5
2500407201,17.5,8,4,94.25,29.5
2500407301,39,10.5,2,121.75,51.5
2500407401,15.5,15.5,0,93,31
2500407501,13,30.5,0,156.75,43.5
2500407601,6,13,0,67.5,19
2500407701,9.25,3.5,0,29.625,12.75
2500407702,32,12.416666666666664,0,103.87499999999999,44.416666666666664
2500407801,17.5,21,3.5,148.75,42
2500407802,11.5,28,1,151.25,40.5
2500407901,4.166666666666667,21.666666666666668,0,103.75,25.833333333333336
2500408001,12.5,28,0,144.75,40.5
2500408101,29.333333333333332,17.5,0,122.75,46.83333333333333
2500408201,24.833333333333332,15.166666666666668,0,105.5,40
2500408301,4.5,7,0,38.25,11.5
2500408401,11,7,2,64,20
2500408402,1.833333333333333,28,0,128.75,29.833333333333332
2500408501,9.333333333333334,11,1,71.5,21.333333333333336
2500408601,2,85.5,0.16666666666666666,389.0833333333333,87.66666666666667
2500408701,14,7,0,52.5,21
2500408801,8.583333333333334,8,0,48.875,16.583333333333336
2500408901,10.166666666666666,6.5,0,44.5,16.666666666666664
2500409001,15.666666666666666,32,2,183.5,49.666666666666664
2500409101,12.666666666666666,7.5,0,52.75,20.166666666666664
2500409102,37,17,2.3333333333333335,150.66666666666666,56.333333333333336
2500409201,1.5,0.6666666666666666,0,5.25,2.1666666666666665
2500409301,24.333333333333332,16,17.333333333333332,247.16666666666666,57.66666666666666
2500409401,28.166666666666668,10,0,87.25,38.16666666666667
2500409501,9.75,14,12.5,177.625,36.25
2500409601,6.166666666666666,28.5,0,137.5,34.666666666666664
2500409701,14.25,48,0,237.375,62.25
2500409801,5,0,16,135.5,21
2500409802,3,14,56,515.5,73
2500410001,22.75,8.25,5.5,115.25,36.5
2500410002,2.75,28,0,130.125,30.75
2500410101,23,28,0,160.5,51
2500410201,9,14,0,76.5,23
2500410301,42.5,0,0.6666666666666666,69.08333333333333,43.166666666666664
2500410302,10,12.5,1,79.25,23.5
2500410401,5,28,0,133.5,33
2500410402,17.333333333333332,63.333333333333336,2,327,82.66666666666667
2500410501,5.166666666666667,2.333333333333333,3,42.25,10.5
2500410601,2,26.33333333333333,0,121.49999999999997,28.33333333333333
2500410602,0.5,6,0,27.75,6.5
2500410701,10.5,32.166666666666664,3.5,188.5,46.166666666666664
2500410801,1,9.166666666666666,0,42.75,10.166666666666666
2500410802,2,16,0,75,18
2500410803,7.166666666666667,2.333333333333333,0.75,27.25,10.25
2500410901,4.666666666666666,23,0.6666666666666666,115.83333333333333,28.333333333333332
2500411001,28,42,5,271,75
2500411101,10.666666666666666,28,0,142,38.666666666666664
2500411201,24.5,2,0,45.75,26.5
2500411301,2.5,4,0,21.75,6.5
2500411401,7.833333333333333,84,1.3333333333333333,400.4166666666667,93.16666666666666
2500411402,25,34,0.5,194.5,59.5
2500411501,15.666666666666666,13.75,0,85.375,29.416666666666664
2500411601,5.75,30,0,143.625,35.75
2500411701,16.666666666666668,14,2,104,32.66666666666667
2500411702,17,28,0,151.5,45
2500411801,5,7.333333333333332,0,40.49999999999999,12.333333333333332
2500411901,14.5,6,0,48.75,20.5
2500412001,7.416666666666667,7,1.5,54.625,15.916666666666668
2500412101,23.75,11.5,0.5,91.375,35.75
2500412201,5.5,10,1.5,65.25,17
2500412301,8,6,0,39,14
2500412401,12,64,2,322,78
2500412501,8.166666666666666,3,2.5,45.75,13.666666666666666
2500412601,12.083333333333332,20,0,108.125,32.08333333333333
2500412701,9,4,4,63.5,17
2500412801,9.833333333333332,30,0,149.75,39.83333333333333
2500412901,13.25,8,0,55.875,21.25
2500413001,6.75,8,0,46.125,14.75
2500413101,29.5,27,4.833333333333333,204.41666666666666,61.333333333333336
2500413201,14,2,2,46,18
2500413301,8.166666666666666,15.666666666666666,1,90.75,24.833333333333332
2500413401,7,42,0,199.5,49
2500413402,6.333333333333333,12,0,63.5,18.333333333333332
2500413501,8.333333333333334,30.666666666666668,0,150.5,39
2500413601,38.333333333333336,14.5,4,154.75,56.833333333333336
2500413701,9.833333333333334,29,0,145.25,38.833333333333336
2500413801,51.5,17,1,161.75,69.5
2500413901,28.333333333333332,15,0,110,43.33333333333333
2500414001,41,43.5,2.333333333333333,275.9166666666667,86.83333333333333
2500414101,7.583333333333333,2.333333333333333,0,21.875,9.916666666666666
2500414201,22,0.5,1,43.25,23.5
2500414301,15.75,22,0,122.625,37.75
2500414401,7.333333333333333,33,0.8333333333333333,166.16666666666666,41.16666666666667
2500414501,2.25,4.666666666666666,0,24.374999999999996,6.916666666666666
2500414601,9.166666666666666,0.13333333333333333,0.3333333333333333,17.016666666666666,9.633333333333333
2500414701,1.75,42,0,191.625,43.75
2500414801,8,54,2,271,64
2500414901,40.166666666666664,17,21,304.75,78.16666666666666
2500415001,35,0.8333333333333333,0,56.25,35.833333333333336
2500415002,30,0,0,45,30
2500415101,30.833333333333332,0,4,78.25,34.83333333333333
2500415201,10,2.333333333333333,0,25.5,12.333333333333332
2500500101,21.333333333333332,19,4,149.5,44.33333333333333
2500500201,8.5,3.5,0,28.5,12
2500500301,21.5,49,12,348.75,82.5
2500500401,17,6.333333333333333,0,54,23.333333333333332
2500500501,5,4.833333333333333,2.5,49.25,12.333333333333332
2500500502,17.5,4.666666666666666,6.166666666666667,96.58333333333334,28.333333333333332
2500500601,14.333333333333334,2.333333333333333,0,32,16.666666666666668
2500500701,14,5,0,43.5,19
2500500801,26,17,0,115.5,43
2500500901,7.333333333333333,11,4,92.5,22.333333333333332
2500501001,25,3,2,67,30
2500501002,13.333333333333332,35.333333333333336,20,339,68.66666666666667
2500501101,5,9,0,48,14
2500501102,28.666666666666668,0.5,0,45.25,29.166666666666668
2500501201,35,28,24,370.5,87
2500501202,25.166666666666668,3.5,6,101.5,34.66666666666667
2500501301,5,17,0,84,22
2500501401,29,0,46,411.5,75
2500501501,13.5,4,9,110.25,26.5
2500501601,10.25,4,0,33.375,14.25
2500501701,12,18,6,147,36
2500501801,10.666666666666666,2,0,25,12.666666666666666
2500501901,42,17.5,0,141.75,59.5
2500502001,13.166666666666666,4.666666666666666,8.666666666666666,110.08333333333333,26.5
2500502101,4.5,30,0,141.75,34.5
2500502102,44,0,3,90,47
2500502201,1.1666666666666665,28,0,127.75,29.166666666666668
2500502301,81,28,2,263.5,111
2500502401,37.5,1,0,60.75,38.5
2500502501,5,14,1,78.5,20
2500502601,49,42,0,262.5,91
2500502701,3,7,9,108,19
2500502801,7,3.5,0,26.25,10.5
2500502802,5,0,0,7.5,5
2500502901,13,5.333333333333333,0,43.5,18.333333333333332
2500503001,9.583333333333334,2.333333333333333,0,24.875,11.916666666666668
2500503101,8,35,0,169.5,43
2500503201,52,74,0.6666666666666666,416.3333333333333,126.66666666666667
2500503301,35,3,0,66,38
2500503302,1.5,10.5,0,49.5,12
2500503401,24.5,4.666666666666666,0,57.75,29.166666666666664
2500503402,0.41666666666666663,30,0.4,138.825,30.816666666666666
2500503501,17,20,2,131.5,39
2500503601,4.666666666666666,3,0,20.5,7.666666666666666
2500503701,22.916666666666668,26.5,27,369.625,76.41666666666667
2500503801,8.5,15.5,3,106.5,27
2500503901,4.166666666666667,5.499999999999999,2.833333333333333,53.66666666666666,12.5
2500504001,8.666666666666666,1,0,17.5,9.666666666666666
2500504101,5.833333333333333,14,0,71.75,19.833333333333332
2500504201,3.333333333333333,14,6,116,23.333333333333332
2500504301,12.5,9.333333333333332,0,60.74999999999999,21.833333333333332
2500504401,13.833333333333332,4.666666666666666,0,41.75,18.5
2500504501,54.5,32,43,569.75,129.5
2500504601,2.4166666666666665,3.5,0,19.375,5.916666666666666
2500504603,7,0,0,10.5,7
2500504701,2.9166666666666665,2.333333333333333,0,14.874999999999998,5.25
2500504801,5.25,12.25,0.1,63.8,17.6
2500504901,9.166666666666666,25,0,126.25,34.166666666666664
2500505101,5.833333333333333,14,0,71.75,19.833333333333332
2500505102,63,77,24,633,164
2500505201,7,3,1.6666666666666665,37.33333333333333,11.666666666666666
2500505301,72,0,16,236,88
2500505401,9.833333333333332,0.5833333333333333,1.1666666666666665,26.70833333333333,11.583333333333332
2500505501,27,29,37,467,93
2500505502,2,2,0,12,4
2500505601,5.833333333333333,7.5,1.5,54.5,14.833333333333332
2500505701,10.833333333333334,14,0,79.25,24.833333333333336
2500505801,18.083333333333332,2.333333333333333,1,45.625,21.416666666666664
2500505901,1.8333333333333333,1,3.25,33.25,6.083333333333333
2500505902,2.333333333333333,4.666666666666666,0,24.499999999999996,6.999999999999999
2500506001,15.75,6.5,0,52.875,22.25
2500506101,56.5,0,0.75,90.75,57.25
2500506102,16.25,2.333333333333333,0,34.875,18.583333333333332
2500506201,39.25,0,0,58.875,39.25
2500506202,4,28,0,132,32
2500506301,5.25,2.333333333333333,0,18.375,7.583333333333333
2500506401,3.4166666666666665,1,0.8333333333333333,16.291666666666664,5.249999999999999
2500506501,29.333333333333332,2.833333333333333,13.5,164.75,45.666666666666664
2500506601,9,3.333333333333333,0,28.5,12.333333333333332
2500506701,8.5,0,0,12.75,8.5
2500506702,5,14,0,70.5,19
2500506801,87.5,0.6666666666666666,0,134.25,88.16666666666667
2500506901,8,4,0,30,12
2500507001,5.333333333333333,0.6666666666666666,0,11,6
2500507101,14,18,0,102,32
2500507201,26.25,4.5,0,59.625,30.75
2500507202,28,14,0,105,42
2500507301,0.75,0.6666666666666666,0,4.125,1.4166666666666665
2500507401,1,0,1,9.5,2
2500507501,107.25,45,19,515.375,171.25
2500507601,32,140,0,678,172
2500507701,37.2,19,39.5,457.3,95.7
2500507801,6.916666666666666,3.5,0,26.125,10.416666666666666
2500507901,38.916666666666664,18,1,147.375,57.916666666666664
2500508001,95.66666666666667,14,1,214.5,110.66666666666667
2500508101,28.333333333333332,14,0,105.5,42.33333333333333
2500508201,5,5,4,62,14
2500508301,3.6666666666666665,2.5,1,24.75,7.166666666666666
2500508401,119,28.5,3.5,334.75,151
2500508402,108,21,2.5,276.5,131.5
2500508501,36.5,3,3,92.25,42.5
2500508601,51.25,6.5,3,130.125,60.75
2500508701,2.916666666666667,8,5,80.375,15.916666666666668
2500508801,4.333333333333333,7,0,38,11.333333333333332
2500508901,53.5,14,12.5,243.25,80
2500509001,45.75,4,1.5,98.625,51.25
2500509002,16.5,15.5,0,94.5,32
2500509101,1.5,16,0,74.25,17.5
2500509201,4.5,20,0,96.75,24.5
2500509301,3.5,0,0.6666666666666666,10.583333333333332,4.166666666666667
2500509401,59.666666666666664,14,0,152.5,73.66666666666666
2500509501,19.25,7,6,108.375,32.25
2500509601,17,6,0,52.5,23
2500509801,6,9.5,0.3333333333333333,54.416666666666664,15.833333333333334
2500509901,5.5,7,0,39.75,12.5
2500510001,14,42,0,210,56
2500510101,3.5,21,0,99.75,24.5
2500510201,2.333333333333333,7,0,35,9.333333333333332
2500510301,0.16666666666666666,28,0,126.25,28.166666666666668
2500510401,24.25,6.5,0,65.625,30.75
2500510501,2.9166666666666665,2,0,13.375,4.916666666666666
2500510601,6.5,8.166666666666666,0.3333333333333333,49.166666666666664,15
2500510701,2.1666666666666665,16,14,187.25,32.16666666666667
2500510702,5.166666666666666,1.1666666666666665,1,21,7.333333333333332
2500510801,27,0,0,40.5,27
2500510902,1.3333333333333333,14,0.16666666666666666,66.33333333333333,15.5
2500511001,7.166666666666667,42,0,199.75,49.166666666666664
2500511002,3,7,0,36,10
2500511201,7.5,7,0,42.75,14.5
2500511301,20.5,6.666666666666666,0,60.75,27.166666666666664
2500511401,2.6666666666666665,8,0,40,10.666666666666666
2500511501,41,2,0.6666666666666666,75.83333333333333,43.666666666666664
2500511502,7,14,0,73.5,21
2500511601,8.166666666666666,10.5,0,59.5,18.666666666666664
2500511701,17.333333333333332,4,5,84,26.333333333333332
2500511801,26.5,16,18,255.75,60.5
2500511802,8.333333333333332,43.166666666666664,2.5,226.75,54
2500511901,8,2.333333333333333,2,38.5,12.333333333333332
2500512001,25.833333333333332,11,0,88.25,36.83333333333333
2500512101,92.75,5.833333333333332,0,165.375,98.58333333333333
2500512201,4.833333333333333,6.833333333333333,1.6666666666666667,51.333333333333336,13.333333333333332
2500512301,1.5,2.333333333333333,0,12.749999999999998,3.833333333333333
2500512302,58.333333333333336,12,2,157.5,72.33333333333334
2500512401,86.33333333333333,10,0.5,178.5,96.83333333333333
2500512501,84,1,0,130.5,85
2500512601,7.333333333333333,6.333333333333333,0,39.5,13.666666666666666
2500512701,52.083333333333336,2,0,87.125,54.083333333333336
2500512801,5.916666666666666,7,0,40.375,12.916666666666666
2500512901,20,3,0,43.5,23
2500513001,7.333333333333333,29.5,6,191.75,42.833333333333336
2500513101,17.333333333333332,0,0,26,17.333333333333332
2500513102,14.666666666666666,16,0,94,30.666666666666664
2500513201,11.5,84,7.5,455.25,103
2500513301,27,6,1.5,79.5,34.5
2500513302,44.833333333333336,23,0,170.75,67.83333333333334
2500513401,35.333333333333336,35.666666666666664,1.3333333333333333,224.16666666666666,72.33333333333333
2500513501,11.833333333333334,18,0,98.75,29.833333333333336
2500513601,15,2.333333333333333,0,33,17.333333333333332
2500513701,15.5,68,0,329.25,83.5
2500513901,19,17.666666666666668,2.6666666666666665,129.33333333333334,39.333333333333336
2500514001,8.166666666666666,4,1,38.25,13.166666666666666
2500514002,114,120,0,711,234
2500514201,11,0.5,0,18.75,11.5
2500514301,28,24,14,262,66
2500514401,6.499999999999999,30,2,160.75,38.5
2500514501,7.666666666666667,15,4,111,26.666666666666668
2500514601,48.833333333333336,46,0,280.25,94.83333333333334
2500514701,8.666666666666666,33.666666666666664,0,164.5,42.33333333333333
2500514801,8,20,0,102,28
2500514901,13,6,0,46.5,19
2500514902,10.333333333333332,5.166666666666666,0,38.74999999999999,15.499999999999998
2500515001,1.1666666666666665,1,0,6.25,2.1666666666666665
2500515002,18.333333333333332,8,0,63.5,26.333333333333332
2500515101,40,35.833333333333336,0,221.25,75.83333333333334
2500515201,11.5,3.5,0,33,15
2500515301,31.5,0,5,87.25,36.5
2500515302,14.833333333333332,0,0,22.25,14.833333333333332
2500515401,17.5,5.666666666666667,0,51.75,23.166666666666668
2500600101,5.583333333333333,4.333333333333333,0.3333333333333333,30.541666666666668,10.25
2500600102,8.5,4,0,30.75,12.5
2500600301,7.583333333333333,20.833333333333332,0,105.125,28.416666666666664
2500600501,5.5,4.5,0.25,30.5,10.25
2500600502,14.5,8,0,57.75,22.5
2500600601,31.5,25,0,159.75,56.5
2500600602,2.333333333333333,7,14,147,23.333333333333332
2500600701,78,10,6.166666666666667,211.33333333333334,94.16666666666667
2500600801,1,19,0,87,20
2500600901,43.666666666666664,35,0,223,78.66666666666666
2500601001,12,28,0,144,40
2500601101,4.916666666666666,0,0,7.374999999999999,4.916666666666666
2500601201,9.333333333333334,47,0,225.5,56.333333333333336
2500601301,2.5,4,0.3333333333333333,24.416666666666668,6.833333333333333
2500601302,7,17,0,87,24
2500601401,12.666666666666666,11,0,68.5,23.666666666666664
2500601501,4.5,14,6,117.75,24.5
2500601502,38.583333333333336,21,31.5,404.375,91.08333333333334
2500601601,4.05,28,5.166666666666667,173.40833333333333,37.21666666666666
2500601701,45.833333333333336,47,1.6666666666666667,293.5833333333333,94.50000000000001
2500601702,2.9166666666666665,25,0,116.875,27.916666666666668
2500601801,5.25,2.333333333333333,0,18.375,7.583333333333333
2500601901,11.5,16,2,105.25,29.5
2500601902,16.25,16,0,96.375,32.25
2500602001,17.5,15,3,117.75,35.5
2500602201,6.166666666666666,1.1666666666666665,0,14.5,7.333333333333332
2500602301,6.333333333333333,28,0,135.5,34.333333333333336
2500602401,15.5,13.166666666666668,0,82.5,28.666666666666668
2500602501,41,22,29,392.5,92
2500602601,6.5,28,0.5,139.75,35
2500602701,10,14,0,78,24
2500602801,7.333333333333333,1,5,55.5,13.333333333333332
2500602901,35,11,0,102,46
2500603001,23.5,2,2,60.25,27.5
2500603002,11.5,75,0,354.75,86.5
2500603101,1.6666666666666665,23.333333333333332,0,107.5,25
2500603201,3.25,3,0,18.375,6.25
2500603202,11.666666666666666,29,0,148,40.666666666666664
2500603301,1.1666666666666665,14,5,104.75,20.166666666666664
2500603401,51.25,6.166666666666666,15,224.625,72.41666666666666
2500603501,72.33333333333333,0.3333333333333333,0,110,72.66666666666666
2500603502,10,28,0,141,38
2500603601,4,6,0,33,10
2500603602,3,24,0,112.5,27
2500603701,17.666666666666668,0,3,50.5,20.666666666666668
2500603702,1.6666666666666665,70,0,317.5,71.66666666666667
2500603801,1.0666666666666667,10.5,0,48.85,11.566666666666666
2500603901,4.5,7,0,38.25,11.5
2500604001,8,3.5,5,67.75,16.5
2500604101,4.166666666666667,56,0.5,262.25,60.666666666666664
2500604201,6,7,2,56.5,15
2500604301,4.166666666666666,7,0,37.75,11.166666666666666
2500604401,27.5,15.75,0,112.125,43.25
2500604501,57.5,1,0,90.75,58.5
2500604502,10.5,42,0,204.75,52.5
2500604601,60.5,1.6666666666666665,0,98.25,62.166666666666664
2500604602,1.1666666666666665,70,0,316.75,71.16666666666667
2500604701,40.416666666666664,51,1.75,304.125,93.16666666666666
2500604702,12.5,7,3,74.25,22.5
2500604801,0.25,3,0.5,17.875,3.75
2500604901,4.5,28,0,132.75,32.5
2500605001,3.1666666666666665,13,0,63.25,16.166666666666668
2500605101,2.6666666666666665,14,0,67,16.666666666666668
2500605201,0.5833333333333333,21,0,95.375,21.583333333333332
2500605301,21,14,3,118.5,38
2500605401,6.333333333333333,11.333333333333332,0,60.49999999999999,17.666666666666664
2500605501,9,7.333333333333333,0,46.5,16.333333333333332
2500605701,20.5,29,17.833333333333332,303.91666666666663,67.33333333333333
2500605702,10,4,3,57,17
2500605801,1.25,7,0,33.375,8.25
2500605901,7,4.666666666666666,4,63.5,15.666666666666666
2500606001,4.5,2.333333333333333,0.16666666666666666,18.583333333333332,7
2500606201,18,19,4,144.5,41
2500606301,5.833333333333333,13.333333333333332,5,108.75,24.166666666666664
2500606401,8,2,3,45,13
2500606501,13,4.666666666666666,7.5,100.5,25.166666666666664
2500606601,19,31,0,168,50
2500606701,4,3.5,0,21.75,7.5
2500606801,31,72,0.5,374.5,103.5
2500606901,6.5,14,0.5,76.75,21
2500607001,6.333333333333333,27,0,131,33.333333333333336
2500607101,11.583333333333332,10.666666666666666,2,81.375,24.25
2500607201,43.75,28.333333333333332,0,193.125,72.08333333333333
2500607202,30.166666666666664,11.666666666666666,18,241.75,59.83333333333333
2500607301,3.833333333333333,14,0,68.75,17.833333333333332
2500607401,13.5,9,0,60.75,22.5
2500607501,4.25,4.666666666666666,4.083333333333334,60.04166666666667,13
2500607502,2.833333333333333,6,0,31.25,8.833333333333332
2500607601,20.5,8.5,5,109,34
2500607701,7.666666666666667,36,0,173.5,43.666666666666664
2500607801,15,6,3,73.5,24
2500607901,6.5,14,0,72.75,20.5
2500608001,35,16.5,0,126.75,51.5
2500608002,19.25,4.666666666666666,4.166666666666667,83.20833333333334,28.083333333333332
2500608101,14.5,14,0,84.75,28.5
2500608102,1,1.3333333333333333,2,23.5,4.333333333333333
2500608201,1,1.1666666666666665,0,6.749999999999999,2.1666666666666665
2500608301,8.5,15,1,88.25,24.5
2500608401,2.3333333333333335,4.666666666666666,0,24.499999999999996,7
2500608501,9.25,5.5,0,38.625,14.75
2500608601,1.75,14,0,65.625,15.75
2500608701,50,6,4,134,60
2500608801,1.5,4,0.16666666666666666,21.583333333333332,5.666666666666667
2500608901,23.833333333333332,21,0,130.25,44.83333333333333
2500609001,1.1666666666666665,3.5,0.5,21.5,5.166666666666666
2500609101,5.666666666666666,8.5,0,46.75,14.166666666666666
2500609301,1.5,3.6666666666666665,0,18.75,5.166666666666666
2500609401,5.166666666666666,13,0,66.25,18.166666666666664
2500609501,6.75,19,0,95.625,25.75
2500609601,9,11,0,63,20
2500609701,8,7,0,43.5,15
2500609801,4,21,0,100.5,25
2500610101,15.833333333333334,7,4,87.25,26.833333333333336
2500610201,19.166666666666668,32,0,172.75,51.16666666666667
2500610301,15.166666666666666,28,0,148.75,43.166666666666664
2500610401,8.166666666666666,10,0,57.25,18.166666666666664
2500610501,6.333333333333333,7,0,41,13.333333333333332
2500610601,17,31,0,165,48
2500610801,14,43.75,3,241.875,60.75
2500610901,14,28,0,147,42
2500611001,1.25,6,0,28.875,7.25
2500611101,16.25,12,0,78.375,28.25
2500611102,39.666666666666664,5,0,82,44.666666666666664
2500611201,3.1666666666666665,7,4.5,72.25,14.666666666666666
2500611301,19.666666666666668,40,2,225.5,61.66666666666667
2550100101,0.9166666666666667,2,8,74.375,10.916666666666668
2550100201,3.9166666666666665,36,24,359.875,63.916666666666664
2550100301,110.5,8,26.5,413.75,145
2550100401,29.833333333333332,7,0,76.25,36.83333333333333
2550100501,9,44,48,595.5,101
2550100502,4.75,14,16,198.125,34.75
2550100601,3.6666666666666665,1,0,10,4.666666666666666
2550100602,0,0,0,0,0
2550100701,41.666666666666664,20,22.916666666666668,335.83333333333337,84.58333333333333
2550100901,0.75,0.41666666666666663,0,3,1.1666666666666665
2550101101,3.3333333333333335,7,1,44.5,11.333333333333334
2550101201,41.333333333333336,0.5,14,176.25,55.833333333333336
2550101401,50.5,39,0,251.25,89.5
2550101402,44,50,50,691,144
2550102102,10.666666666666666,2.333333333333333,0,26.5,13
2550102202,8.166666666666666,28,0,138.25,36.166666666666664
2550102401,44.666666666666664,1.1666666666666665,0,72.25,45.83333333333333
2550102501,3.6166666666666663,11.5,0.5,61.175,15.616666666666667
2550102502,30.75,0,0,46.125,30.75
2550102601,29,3,5,97,37
2550102701,2.8333333333333335,7,0,35.75,9.833333333333334
2550102801,1,2,1,18.5,4
2550102901,44.5,45.5,34.5,547.5,124.5
2550103201,65,21,12.5,292,98.5
2550103202,59.416666666666664,58,56.083333333333336,798.7916666666667,173.5
2550103301,16,22,0,123,38
2550103401,3.5,2.75,6.333333333333333,68.29166666666666,12.583333333333332
2550103501,4.75,2,0,16.125,6.75
2550103601,0,0,0,0,0
2550103701,36,4.666666666666666,3.0833333333333335,99.66666666666667,43.75
2550103801,88.25,0.5,60.5,618.625,149.25
2550103802,66,68,0.16666666666666666,406.3333333333333,134.16666666666666
2550103805,23.666666666666664,10,43,424.5,76.66666666666666
2550103901,19.5,77,90,1095.75,186.5
2550104001,61.666666666666664,43.833333333333336,9.5,365.75,115
2550104101,16.25,5.616666666666667,14.15,162.85000000000002,36.016666666666666
2550104102,13.75,14,0,83.625,27.75
2550104201,5.833333333333333,3,0,22.25,8.833333333333332
2550104202,9.083333333333334,0,2,29.625,11.083333333333334
2550104301,3,73.75,72,912.375,148.75
2550104302,25.166666666666668,52.5,8.75,344,86.41666666666667
2550104401,31.5,11,16,224.75,58.5
2550104402,44,14,0,129,58
2550104501,9,4,14,143.5,27
2550104601,20,4,16,176,40
2550104602,1.25,2,0,10.875,3.25
2550104701,9.5,2,7,79.25,18.5
2550104801,16.666666666666664,26,0,142,42.666666666666664
2550104901,4.666666666666666,0.5,4.5,45.25,9.666666666666666
2550104902,28.166666666666668,7.5,0.6666666666666666,81.33333333333333,36.333333333333336
2550105001,1.833333333333333,8.5,0.5,45,10.833333333333332
2550105101,19.5,18,40,430.25,77.5
2550105301,11.166666666666666,0.3333333333333333,0,18.25,11.5
2550105401,7.166666666666666,35,1,176.25,43.166666666666664
2550105501,7,14,0,73.5,21
2550105701,11.916666666666668,5.833333333333334,0,44.125,17.75
2550105802,10,0,0,15,10
2550105901,3.083333333333333,6.333333333333333,41.5,365.125,50.916666666666664
2550105902,2.333333333333333,14,2,82.5,18.333333333333332
2550106001,2.9166666666666665,2,0.8333333333333333,20.041666666666664,5.749999999999999
2550106002,28.833333333333332,1.3333333333333333,3,73.25,33.166666666666664
2550106101,8,6,0,39,14
2550106102,8,1,2,32.5,11
2550106201,4.75,2.333333333333333,0,17.625,7.083333333333333
2550106301,4.25,14,15,189.375,33.25
2550106401,62,6,2,136,70
2550106501,14.5,56,0,273.75,70.5
2550106601,14.333333333333334,32,0,165.5,46.333333333333336
2550106701,10.5,32.5,8,226,51
2550106702,2,3.5,0,18.75,5.5
2550106801,0.5,3.5,0,16.5,4
2550106802,7.75,3,2,41.125,12.75
2550107002,19,84,25,606.5,128
2550107101,44.33333333333333,42,0,255.5,86.33333333333333
2550107301,30,12.25,0,100.125,42.25
2550107401,7.5,27,0.5,136.75,35
2550107501,4,23.333333333333332,0,111,27.333333333333332
2550107601,7.75,10.5,0,58.875,18.25
2550107701,1.75,116,0,524.625,117.75
2550107702,54.5,2.333333333333333,2,108.25,58.833333333333336
2550107801,0.6666666666666666,4.999999999999999,0.5,27.499999999999996,6.166666666666666
2550108001,21,2,24,232.5,47
2550108101,49.5,2.833333333333333,2,103,54.333333333333336
2550108102,0.5,7,5.5,76.25,13
2550108201,16,37.5,8,256.75,61.5
2550108401,7,0,0,10.5,7
2550108402,44.666666666666664,40,0,247,84.66666666666666
2550108501,33.166666666666664,22,84,820.75,139.16666666666666
2550108701,2.9166666666666665,3.5,0,20.125,6.416666666666666
2550108702,1.75,12,5.25,98.625,19
2550108801,56,18,80,805,154
2550108802,4.083333333333333,56,0,258.125,60.083333333333336
2550108901,21.75,6.083333333333333,5,100,32.83333333333333
2550109002,1.9166666666666665,6.666666666666666,0,32.875,8.583333333333332
2550109201,14,84,0,399,98
2550109301,14.5,14,0,84.75,28.5
2550109401,3.583333333333333,14,1.7833333333333332,82.64166666666667,19.366666666666667
2550109501,3.5,3,16,146.75,22.5
2550109502,91,3.0833333333333335,1,158.375,95.08333333333333
2550109601,51.333333333333336,18,20.166666666666668,319.33333333333337,89.50000000000001
2550109602,7.333333333333333,0,0,11,7.333333333333333
2550109701,11.666666666666666,3.5,2,49.25,17.166666666666664
2550109801,10,0.75,0.5,22.375,11.25
2550109901,2.5833333333333335,4.5,1,32.125,8.083333333333334
2550110001,15,14,0.41666666666666663,88.83333333333333,29.416666666666668
2550110101,7.333333333333332,7.666666666666666,12,141.5,27
2550110201,48.75,14.333333333333334,2,153.625,65.08333333333334
2550110202,62,42,29,514,133
2550110301,6.166666666666666,28,3,159.25,37.166666666666664
2550110302,0,1.1666666666666665,0,5.249999999999999,1.1666666666666665
2550110401,43,7,0,96,50
2550110402,2.9166666666666665,16.333333333333332,0,77.875,19.25
2550110501,0,2.333333333333333,1.1666666666666665,19.83333333333333,3.4999999999999996
2550110502,25.333333333333332,10.333333333333334,5,124.5,40.666666666666664
2550110601,6.999999999999999,1.5,0,17.25,8.5
2550110701,24.5,60,0,306.75,84.5
2550110801,10,14,0,78,24
2550110802,5.833333333333333,0.5,18,155,24.333333333333332
2550110901,1,115.5,0,521.25,116.5
2550110902,10,0.5,6.5,69.25,17
2550111001,34,18.5,5,174.25,57.5
2550111002,171.5,5,5,319.75,181.5
2550111003,19.5,4,0,47.25,23.5
2550111101,13.916666666666666,1.1666666666666667,0.3333333333333333,28.791666666666668,15.416666666666666
2550111301,12,5.666666666666667,0.3333333333333333,46.166666666666664,18
2550111602,3.8666666666666663,4.433333333333334,0,25.75,8.3
2550111701,4.233333333333333,17.5,0,85.1,21.733333333333334
2550111801,8.166666666666666,10,0,57.25,18.166666666666664
2550111901,62.25,72,14.25,531.375,148.5
2550112301,45.5,5.5,41,421,92
2550112302,50.5,1,0,80.25,51.5
2550112401,7,9,59.5,527,75.5
2550112501,3,8.5,0,42.75,11.5
2550112601,85,1.5,0,134.25,86.5
2550112701,7.333333333333333,29,0,141.5,36.333333333333336
2550112801,31,49,0,267,80
2550112901,70,2.333333333333333,0,115.5,72.33333333333333
2550113001,6.666666666666666,2,50,419,58.666666666666664
2550113201,61.5,5.833333333333332,0,118.5,67.33333333333333
2550113601,77,0,25,315.5,102
2550113602,8,10,12,153,30
2550113701,34,4.166666666666666,9,141.75,47.166666666666664
2550113801,44.5,2.6666666666666665,40,398.75,87.16666666666666
2550113901,4.916666666666667,5.333333333333333,0.6666666666666666,36.708333333333336,10.916666666666666
2550114001,43.166666666666664,0,0,64.75,43.166666666666664
2550114101,21.75,2.8333333333333335,0,45.375,24.583333333333332
2550114102,42,6.5,4,124.25,52.5
2550114201,40.666666666666664,16.666666666666668,5,176,62.33333333333333
2550114301,8.833333333333334,42,12.5,302.25,63.333333333333336
2550200101,2.1666666666666665,0.6833333333333333,0,6.325,2.8499999999999996
2550200201,2.5,0.6666666666666666,2,22.75,5.166666666666666
2550200301,5.5,4.666666666666666,1.5,41.25,11.666666666666666
2550200401,22,3.5,1,56.75,26.5
2550200501,7,0,1.5,22.5,8.5
2550200601,47,13,10,209,70
2550200602,35,0.3333333333333333,3,78,38.333333333333336
2550200701,5,28,0,133.5,33
2550200801,2,3,0,16.5,5
2550200901,3.4999999999999996,2.333333333333333,0,15.749999999999996,5.833333333333332
2550201001,14,14,3.1666666666666665,109.33333333333333,31.166666666666668
2550201101,20,14,1.1666666666666665,102.33333333333333,35.166666666666664
2550201201,5.666666666666667,9,30,289,44.66666666666667
2550201301,8.75,12.25,0,68.25,21
2550201401,33.5,118,12,677.25,163.5
2550201402,0,14,3,87,17
2550201501,38.5,24,0,165.75,62.5
2550201601,8,0,1.5,24,9.5
2550201602,33.166666666666664,21,1.5,156.25,55.666666666666664
2550201701,6,16,1,89,23
2550201801,7.5,10,0,56.25,17.5
2550201901,5.75,42,0,197.625,47.75
2550202001,28,7,0.5,77.5,35.5
2550202101,4,0.6666666666666666,0,9,4.666666666666667
2550202201,5,3.5,0,23.25,8.5
2550202301,16.833333333333332,21.333333333333332,0,121.25,38.166666666666664
2550202401,3.75,7,4.5,73.125,15.25
2550202501,12.166666666666666,84,42,732.25,138.16666666666669
2550202601,7,14,0,73.5,21
2550202701,4.5,10.833333333333332,0,55.49999999999999,15.333333333333332
2550202801,24,42,28,449,94
2550202802,150,294,196,3116,640
2550202901,25,0,0,37.5,25
2550203001,5,0.6666666666666666,0,10.5,5.666666666666667
2550203101,27.5,10,0,86.25,37.5
2550203201,4.666666666666667,14,0,70,18.666666666666668
2550203301,0.16666666666666666,28,0,126.25,28.166666666666668
2550203501,12.5,7.5,0,52.5,20
2550203601,14.5,40,0,201.75,54.5
2550203801,37.5,150,10,811.25,197.5
2550204001,28.666666666666668,10,0,88,38.66666666666667
2550204101,6.333333333333333,2.333333333333333,0,20,8.666666666666666
2550204201,30.166666666666668,20.333333333333336,0,136.75,50.5
2550204202,65.58333333333333,84,40,796.375,189.58333333333331
2550204301,3.1666666666666665,7,0,36.25,10.166666666666666
2550204401,16,3.5,2,55.75,21.5
2550204501,5.166666666666667,1.6666666666666665,0,15.25,6.833333333333334
2550204502,19.166666666666668,1,0,33.25,20.166666666666668
2550204601,6.5,40,10,269.75,56.5
2550204701,12.166666666666666,24.5,0,128.5,36.666666666666664
2550204801,15.75,49,0,244.125,64.75
2550204901,12.5,2.5,0,30,15
2550204902,8.75,10,2.5,78.125,21.25
2550205001,38.666666666666664,4.583333333333334,1,86.625,44.25
2550205101,22.25,28,7,215.375,57.25
2550205201,2.3333333333333335,0.6666666666666666,0,6.5,3
2550205301,25,14,0,100.5,39
2550205401,0,42,0,189,42
2550205402,59.5,0.5,0,91.5,60
2550205501,91.5,146,0,794.25,237.5
2550205601,4,17.5,0,84.75,21.5
2550205701,85.75,0,8,192.625,93.75
2550205801,14,18,48.333333333333336,488.6666666666667,80.33333333333334
2550205802,32,4.5,1.5,80.25,38
2550205901,22,14,0,96,36
2550206001,21.5,0,7,88.25,28.5
2550206101,1.75,56,0,254.625,57.75
2550206102,30,0,20,205,50
2550206201,52.5,35,14,348.25,101.5
2550206301,33.666666666666664,59,42,652,134.66666666666666
2550206501,1,1.3333333333333333,0,7.5,2.333333333333333
2550206601,14.666666666666666,24.666666666666664,0,133,39.33333333333333
2550206602,22.5,0,24,225.75,46.5
2550206701,50,235.66666666666669,58.5,1603.5,344.1666666666667
2550206702,16.5,10.166666666666666,4,102.5,30.666666666666664
2550206801,69,0.8333333333333333,0.8333333333333333,113.91666666666667,70.66666666666666
2550206802,51,98,0,517.5,149
2550206901,11,10,0,61.5,21
2550207101,2.916666666666667,14,0,67.375,16.916666666666668
2550207201,26.5,8,0,75.75,34.5
2550207202,54,7,0,112.5,61
2550207301,13.5,14,4,115.25,31.5
2550207401,14.333333333333334,4.333333333333333,6,89,24.666666666666668
2550207501,160.5,40,0,420.75,200.5
2550207601,64.75,36,0,259.125,100.75
2550207701,14,11.666666666666666,0,73.5,25.666666666666664
2550207801,9.166666666666666,3.5,0.5,33.5,13.166666666666666
2550207901,135,64,0,490.5,199
2550207902,12.5,3.333333333333333,0,33.75,15.833333333333332
2550208001,31.666666666666668,0.5,0,49.75,32.16666666666667
2550208002,29.25,0.16666666666666666,0.3333333333333333,47.291666666666664,29.75
2550208101,0.16666666666666666,1,0,4.75,1.1666666666666667
2550208202,129.5,44,0,392.25,173.5
2550208401,5,7,0,39,12
2550208501,19,11,15.5,202,45.5
2550208801,24.25,40,0,216.375,64.25
2550208901,2.25,49,7,279.875,58.25
2550209101,72.33333333333333,9.333333333333332,24,342.5,105.66666666666666
2550209201,20.5,2.333333333333333,0,41.25,22.833333333333332
2550209301,15.5,8,0.75,65.25,24.25
2550209302,25.5,1.3333333333333333,0,44.25,26.833333333333332
2550209401,10.166666666666666,2.833333333333333,1.3333333333333333,38.666666666666664,14.333333333333334
2550209801,1.75,3.5,0,18.375,5.25
2550209802,59.5,1.5,58,560,119
2550210001,5,2.333333333333333,0,18,7.333333333333333
2550210201,0,42,0,189,42
2550210401,4,28,10,212,42
2550210501,11.583333333333334,10.5,0,64.625,22.083333333333336
2550210601,2.1666666666666665,7,0,34.75,9.166666666666666
2550210701,6,12,0,63,18
2550210702,40,0,0,60,40
2550210901,34.166666666666664,0,0,51.25,34.166666666666664
2550211001,64.75,6.333333333333333,1.1666666666666665,134.95833333333334,72.25
2550211101,29.333333333333332,56,4,328,89.33333333333333
2550211201,59.833333333333336,3,0.6666666666666666,108.58333333333333,63.5
2550211301,44,2,0,75,46
2550211401,21.5,0,0.3333333333333333,34.916666666666664,21.833333333333332
2550211402,90.5,28,38,565.75,156.5
2550211501,0.8333333333333333,21,0.3333333333333333,98.41666666666667,22.166666666666664
2550211701,15.166666666666666,1,0.5,31.25,16.666666666666664
2550211801,57,42,0,274.5,99
2550212001,9.583333333333332,20,0,104.375,29.583333333333332
2550212101,51,7.5,0,110.25,58.5
2550212201,9,27.5,0,137.25,36.5
2550212301,1.4166666666666665,4.5,0,22.375,5.916666666666666
2550212401,6,3.5,6,72.75,15.5
2550212501,11.5,7,6,96.75,24.5
2550212601,9.833333333333332,2.25,14,136.875,26.083333333333332
2550212801,3.25,7.5,0,38.625,10.75
2550212901,8,42,0,201,50
2550213001,12.666666666666666,1,3,47.5,16.666666666666664
2550213002,19,28.833333333333332,8,222.25,55.83333333333333
2550213201,10.5,14,0,78.75,24.5
2550213401,7.083333333333334,24,0,118.625,31.083333333333336
2550213601,12.166666666666666,3.5,0,34,15.666666666666666
2550213602,4.333333333333333,14,5,109.5,23.333333333333332
2550213701,53.333333333333336,1.1666666666666665,0,85.25,54.5
2550213801,30.75,10,48,475.125,88.75
2550213901,4.833333333333333,21,0,101.75,25.833333333333332
2550214001,1.6666666666666665,42,0,191.5,43.666666666666664
2550300101,52.53333333333333,117,4,637.3,173.53333333333333
2550300102,13.333333333333332,1.6666666666666665,0,27.5,14.999999999999998
2550300201,64.75,6.5,4.5,162.375,75.75
2550300301,2.833333333333333,9,0.3333333333333333,47.416666666666664,12.166666666666666
2550300401,4.25,14,2,85.375,20.25
2550300402,11.833333333333332,10.666666666666666,26,273.75,48.5
2550300501,10.5,16,4,119.75,30.5
2550300601,3.5,14,0,68.25,17.5
2550300701,8.75,14,0.5,80.125,23.25
2550300702,16.916666666666668,1,0.5,33.875,18.416666666666668
2550300801,21.5,14.25,0,96.375,35.75
2550300901,4.666666666666666,17,3,107.5,24.666666666666664
2550301001,1.1666666666666665,5,0,24.25,6.166666666666666
2550301101,43,18,26,353.5,87
2550301201,3.5,0.5,40,327.5,44
2550301301,11.833333333333334,1,0.5,26.25,13.333333333333334
2550301302,12.166666666666666,2.5,10,109.5,24.666666666666664
2550301401,32.166666666666664,21,1.1666666666666665,152.08333333333334,54.33333333333333
2550301501,36,68,17,496,121
2550301601,3.333333333333333,7,6,84.5,16.333333333333332
2550301701,2,3.5,0,18.75,5.5
2550301801,38.25,32.333333333333336,0,202.875,70.58333333333334
2550301901,6,4.666666666666666,4,62,14.666666666666666
2550302001,3.333333333333333,18,4,118,25.333333333333332
2550302101,214,98,0,762,312
2550302201,35.333333333333336,39,5,268.5,79.33333333333334
2550302202,2.5,2,2,28.75,6.5
2550302301,5.916666666666667,10,0,53.875,15.916666666666668
2550302401,6,4,0.16666666666666666,28.333333333333332,10.166666666666666
2550302402,104.66666666666667,0,0,157,104.66666666666667
2550302501,15.5,28,0,149.25,43.5
2550302601,5.5,15,3,99.75,23.5
2550302701,2.833333333333333,28,2,146.25,32.83333333333333
2550302702,45,6,13.5,202.5,64.5
2550302801,18.833333333333332,8.333333333333334,3.3333333333333335,92.41666666666667,30.499999999999996
2550302901,35.5,0,0,53.25,35.5
2550303001,25.166666666666668,0,40,357.75,65.16666666666667
2550303002,5.5,9,0,48.75,14.5
2550303101,2.75,2.333333333333333,0,14.624999999999998,5.083333333333333
2550303201,9,7,0,45,16
2550303301,3.25,28,0.3333333333333333,133.54166666666666,31.583333333333332
2550303401,5.166666666666666,15,6,123.25,26.166666666666664
2550303501,15,2.5,0,33.75,17.5
2550303502,3.6666666666666665,11,4,87,18.666666666666664
2550303601,12.75,4.333333333333333,1.6666666666666665,51.95833333333333,18.75
2550303701,2.833333333333333,5,0,26.75,7.833333333333333
2550303702,123,4,200,1802.5,327
2550303801,4.75,70,0,322.125,74.75
2550303802,37.166666666666664,6.166666666666666,1.3333333333333333,94.16666666666667,44.666666666666664
2550303901,38.333333333333336,3.5,3,97.25,44.833333333333336
2550303902,11.666666666666666,28.333333333333332,1,153,41
2550304001,2.3333333333333335,87,0,395,89.33333333333333
2550304101,4.5,3.6666666666666665,0,23.25,8.166666666666666
2550304201,1.3333333333333333,48,0,218,49.333333333333336
2550304301,3,16.333333333333336,8,142,27.333333333333336
2550304401,2.833333333333333,4.333333333333333,5,63.75,12.166666666666666
2550304501,5.75,70,0,323.625,75.75
2550304502,11.666666666666666,0.5,0,19.75,12.166666666666666
2550304601,15,7,0,54,22
2550304701,1,3.9999999999999996,0.3333333333333333,22.166666666666664,5.333333333333333
2550304702,11.333333333333334,6,6,92,23.333333333333336
2550304801,3.5,5,2,43.75,10.5
2550304802,58,30,64,734,152
2550304901,7.666666666666666,8,0.5,51.5,16.166666666666664
2550305001,2.6666666666666665,30,0,139,32.666666666666664
2550305101,16.5,28,1,158.75,45.5
2550305201,6.666666666666666,16,0,82,22.666666666666664
2550305202,9.166666666666666,18,26,302.75,53.166666666666664
2550305301,4.833333333333333,15.416666666666666,1.6666666666666665,89.95833333333333,21.916666666666668
2550305401,73.5,26,0.5,231.25,100
2550305402,2.833333333333333,16,0,76.25,18.833333333333332
2550305403,35.166666666666664,8.333333333333334,0.25,92.25,43.75
2550305501,9,7,3,69,19
2550305601,4.833333333333333,14,2,86.25,20.833333333333332
2550305701,20.833333333333332,2.5,0,42.5,23.333333333333332
2550305801,29,40,5,263.5,74
2550305802,21,4,4.5,85.5,29.5
2550305901,8.5,14,0,75.75,22.5
2550305902,2,21,0,97.5,23
2550306001,7.5,14,0,74.25,21.5
2550306002,9,3,0,27,12
2550306101,5.5,14,3,95.25,22.5
2550306201,1.5,1,0,6.75,2.5
2550306202,10,0.6666666666666666,0.25,20,10.916666666666666
2550306301,10.75,14,2,95.125,26.75
2550306302,8.5,0,0,12.75,8.5
2550306401,19,2.333333333333333,0,39,21.333333333333332
2550306501,3.25,4.666666666666666,4,57.875,11.916666666666666
2550306502,62,10,18,282,90
2550306601,11.75,17.5,2,112.375,31.25
2550306602,54.75,2,10,171.125,66.75
2550306701,21.166666666666668,14,2,110.75,37.16666666666667
2550306702,28.75,24,40,471.125,92.75
2550306801,4.25,21,0,100.875,25.25
2550306901,2.1666666666666665,4,0,21.25,6.166666666666666
2550307001,4.166666666666667,5.166666666666667,10.75,115.5,20.083333333333336
2550307002,22.5,7.166666666666666,0,66,29.666666666666664
2550307101,8.5,21,0,107.25,29.5
2550307201,62.5,42,28,506.75,132.5
2550307301,28.25,7.5,4.75,114.125,40.5
2550307401,15,30,2,173.5,47
2550307501,24.083333333333332,1.6666666666666665,2.5,63.625,28.25
2550307502,27.75,42,125,1230.625,194.75
2550307601,4,7,1.3333333333333333,48.166666666666664,12.333333333333334
2550307602,65.75,23.333333333333332,2.25,221.625,91.33333333333333
2550307701,4.25,7,0,37.875,11.25
2550307702,8.75,5.166666666666667,0,36.375,13.916666666666668
2550307801,148,6,0,249,154
2550307901,4.75,5.166666666666667,0,30.375,9.916666666666668
2550307902,12.166666666666666,36,6,228.25,54.166666666666664
2550308001,110.25,9,24.5,401.875,143.75
2550308002,59.083333333333336,0.5,0,90.875,59.583333333333336
2550308101,57.75,196,0,968.625,253.75
2550308301,33.5,98,0,491.25,131.5
2550308401,9.833333333333334,22.25,0,114.875,32.083333333333336
2550308501,0.3333333333333333,7,0,32,7.333333333333333
2550308601,6.916666666666666,20,0,100.375,26.916666666666664
2550308701,61.25,21,0,186.375,82.25
2550308702,15.666666666666666,21,5.5,162,42.166666666666664
2550308801,1.6666666666666665,1.6666666666666665,0,10,3.333333333333333
2550308901,0.8333333333333333,42,2,206.25,44.833333333333336
2550309001,0,8,0,36,8
2550309101,7.416666666666667,15,0,78.625,22.416666666666668
2550309102,25,3.3333333333333335,0,52.5,28.333333333333332
2550309201,42.75,42.5,0,255.375,85.25
2550309202,2.5,16,0.3333333333333333,78.41666666666667,18.833333333333332
2550309301,42.833333333333336,1.8333333333333333,16.166666666666668,201.83333333333334,60.83333333333334
2550309401,2,15,3,94.5,20
2550309501,1.5,3.333333333333333,0,17.25,4.833333333333333
2550309502,0.19999999999999998,0.3333333333333333,0,1.8,0.5333333333333333
2550309601,6,19,4,126.5,29
2550309801,1.1666666666666665,7,0,33.25,8.166666666666666
2550309901,5,4.666666666666666,0,28.499999999999996,9.666666666666666
2550310101,5.166666666666667,9,0,48.25,14.166666666666668
2550310102,17.2,37.33333333333333,10.666666666666666,279.13333333333327,65.2
2550310201,53.25,4,0,97.875,57.25
2550310202,3,2.5,0,15.75,5.5
2550310203,4.833333333333333,7,4.166666666666667,72.08333333333334,16
2550310301,13.333333333333334,14,4,115,31.333333333333336
2550310401,40.5,14,0.5,127.75,55
2550310501,89.66666666666667,16,42.25,544.5,147.91666666666669
2550310601,15.083333333333332,7.5,0.5,60.375,23.083333333333332
2550310701,18.333333333333336,4,1,53.5,23.333333333333336
2550310801,84,0,2.5,146,86.5
2550310802,1.1666666666666665,14,0,64.75,15.166666666666666
2550310901,9.833333333333334,1,0,19.25,10.833333333333334
2550310902,18.75,1,8,96.625,27.75
2550311001,9.333333333333332,7.5,2,63.75,18.833333333333332
2550311002,86.63333333333333,5,11,240.45,102.63333333333333
2550311101,19.5,4.5,1,57.5,25
2550311201,42,0,0,63,42
2550311301,5,7.5,0,41.25,12.5
2550311401,13.833333333333334,14,0,83.75,27.833333333333336
2550311402,0.9166666666666666,1,1,13.875,2.9166666666666665
2550311403,3.5,3.5,0,21,7
2550311404,26.25,3.5,0,55.125,29.75
2550311501,6,6,4,68,16
2550311601,4.666666666666667,7,0,38.5,11.666666666666668
2550311602,49.166666666666664,7,0.5833333333333333,109.91666666666667,56.75
2550311701,13,3,5,73,21
2550311801,10.833333333333334,6,0,43.25,16.833333333333336
2550311901,5.166666666666666,4.666666666666666,0,28.749999999999996,9.833333333333332
2550312001,1,5,0,24,6
2550312002,7.083333333333333,20.833333333333332,0.8333333333333333,111.04166666666667,28.749999999999996
2550312101,28.583333333333332,0,0,42.875,28.583333333333332
2550312102,4.833333333333333,14,24,262.25,42.83333333333333
2550312103,19,7,0,60,26
2550312201,4,1.3333333333333333,0.6666666666666666,17.333333333333332,6
2550312202,2.25,0,3,27.375,5.25
2550312203,6.5,4,0,27.75,10.5
2550312204,7.166666666666666,2.6666666666666665,0.16666666666666666,24.083333333333332,9.999999999999998
2550312301,3,2,0.08333333333333333,14.166666666666666,5.083333333333333
2550312401,4.166666666666666,4,3.6666666666666665,53.58333333333333,11.833333333333332
2550312501,13.333333333333332,5.499999999999999,0,44.75,18.833333333333332
2550312601,4.5,8,0,42.75,12.5
2550312701,6,14,0,72,20
2550312801,7.5,1.6666666666666665,0,18.75,9.166666666666666
2550312802,36,16,3,150,55
2550312901,18,2.25,0,37.125,20.25
2550313001,4.333333333333333,14.833333333333334,1,81.25,20.166666666666668
2550313101,5.666666666666666,5.333333333333333,1,40.5,12
2550313102,17,42,0.16666666666666666,215.83333333333334,59.166666666666664
2550313201,11,18,0,97.5,29
2550313202,9.416666666666666,9,5,94.625,23.416666666666664
2550313203,23,3.166666666666666,0.16666666666666666,50.083333333333336,26.333333333333332
2550313301,7.5,0.75,1.75,28.625,10
2550313401,5.75,28,0,134.625,33.75
2550313501,4.166666666666667,3.5,0,22,7.666666666666667
2550313601,9.083333333333334,15.333333333333334,2,98.625,26.416666666666668
2550313701,21,10,0,76.5,31
2550313801,13.416666666666666,3.5,0,35.875,16.916666666666664
2550313901,6.75,14,0,73.125,20.75
2550314001,22,7,0,64.5,29
2550314101,1.75,28,0,128.625,29.75
2550314201,18,14,1,98,33
2550314301,68,98,0,543,166
2550314302,10.5,1,3,44.25,14.5
2550314401,36.5,4,8,136.75,48.5
2550314501,4.583333333333333,7,0.6666666666666666,43.708333333333336,12.249999999999998
2550314601,2.833333333333333,29,14,246.75,45.83333333333333
2550314701,5.5,28,0,134.25,33.5
2550314801,34,30,0,186,64
2550314901,62,0,0,93,62
2550315001,4.833333333333333,46,45,574.25,95.83333333333334
2550315002,13.666666666666666,13.333333333333332,28,304.5,55
2550315101,33.666666666666664,5.25,0,74.125,38.916666666666664
2550315201,2.9166666666666665,16.333333333333332,0,77.875,19.25
2550315301,1.833333333333333,8.666666666666666,1.6666666666666665,55.08333333333333,12.166666666666666
2550315401,63.333333333333336,5.25,15.5,242.625,84.08333333333334
2550315501,19,0,0,28.5,19
2550315502,11.833333333333332,32.666666666666664,14,276.75,58.5
2550315601,2.9166666666666665,6.166666666666667,0,32.125,9.083333333333334
2550315701,2.25,1.5,1,18.125,4.75
2550315801,12.5,2,8,91.75,22.5
2550315901,3.25,7,0,36.375,10.25
2550316001,2.333333333333333,3.5,0,19.25,5.833333333333333
2550316101,0.5833333333333334,2.333333333333333,0,11.374999999999998,2.9166666666666665
2550316301,1.0833333333333333,56,3,277.625,60.083333333333336
2550316302,10.833333333333332,3,0,29.75,13.833333333333332
2550316401,23.5,10,26,288.25,59.5
2550316501,3,0.6666666666666666,0,7.5,3.6666666666666665
2550316601,2,14,0,66,16
2550316701,3.5,18,6,134.25,27.5
2550316801,13,14,4,114.5,31
2550316802,19,32,12.333333333333332,271.16666666666663,63.33333333333333
2550316901,27.416666666666668,16.333333333333332,1.3333333333333333,125.29166666666667,45.083333333333336
2550317001,1,2,6,58.5,9
2550317002,13.25,2.6666666666666665,0.6666666666666666,37.208333333333336,16.583333333333332
2550317101,0,4,0,18,4
2550317102,34.5,17,0,128.25,51.5
2550317201,4,8,0,42,12
2550317301,4.5,8,4,74.75,16.5
2550317401,12,2,0,27,14
2550317501,0,7,0,31.5,7
2550317502,70,1.4999999999999998,0.3333333333333333,114.41666666666667,71.83333333333333
2550317503,5,14,0,70.5,19
2550317601,13,7,0,51,20
2550317701,17,14.5,4,122.75,35.5
2550317801,17.5,23,0,129.75,40.5
2550317901,39,20,22,324.5,81
2550318001,28.5,6,3,93.75,37.5
2550318101,6.916666666666666,0,3,34.375,9.916666666666666
2550318201,1.6666666666666665,28,6,176.5,35.66666666666667
2550318301,14.666666666666666,14,8,149,36.666666666666664
2550318401,3.4999999999999996,7,0,36.75,10.5
2550318501,9.666666666666666,3.5,0,30.25,13.166666666666666
2550318601,61.166666666666664,15.166666666666666,0,160,76.33333333333333
2550318701,2.75,14,3.5,95.125,20.25
2550318801,1.6666666666666665,14,2,81.5,17.666666666666664
2550318901,3.05,2,0.05,13.975,5.1
2550318902,5.25,20.25,2,115,27.5
2550318903,15.5,3,0,36.75,18.5
2550318904,7,6,5.333333333333333,80.16666666666666,18.333333333333332
2550318905,3,28,2,146.5,33
2550319001,14.166666666666666,14,2.333333333333333,102.91666666666666,30.499999999999996
2550319101,1,14,0,64.5,15
2550319301,6,9,29,281.5,44
2550319401,62,4,2.25,129,68.25
2550319501,33.5,1.8333333333333333,5.25,100.5,40.583333333333336
2550319601,2,14,0,66,16
2550319602,7.5,3.8333333333333335,0,28.5,11.333333333333334
2550319701,66.83333333333333,57,2.1666666666666665,374.0833333333333,126
2550319702,16,21,4,150.5,41
2550319801,20.5,10.5,2,94,33
2550319901,19,0,21,196.5,40
2550320001,5.333333333333333,4.5,0,28.25,9.833333333333332
2550320101,73.83333333333333,7,3.5,170.25,84.33333333333333
2550320201,5,10.5,0,54.75,15.5
2550320301,42,14,35,406,91
2550320401,24.500000000000004,20.333333333333336,0,128.25000000000003,44.83333333333334
2550320402,24.5,7,0,68.25,31.5
2550320501,44,24,4.333333333333333,208.66666666666666,72.33333333333333
2550320502,36,19,2,155.5,57
2550320601,8.166666666666666,7,2,59.75,17.166666666666664
2550320701,7.5,7,0,42.75,14.5
2550320801,113,25,0,282,138
2550320901,4,7,12,133.5,23
2550321001,3.5,28,0,131.25,31.5
2550321101,4.5,28,4.333333333333333,167.41666666666666,36.833333333333336
2550321201,0,0,0,0,0
2550321301,15.666666666666666,14.333333333333334,2,104,32
2550321401,3,14.333333333333334,0,69,17.333333333333336
2550321501,53,4,0,97.5,57
2550321601,20,7,25,261.5,52
2550321701,17.25,39.5,5,243.625,61.75
2550321801,28.166666666666668,25,2.75,176.75,55.91666666666667
2550321901,37,16,0,127.5,53
2550322001,4,28,0,132,32
2550322201,12.166666666666666,2.5,0,29.5,14.666666666666666
2550322301,1.1666666666666665,21,2,112.25,24.166666666666668
2550400101,6.583333333333333,11.25,0,60.5,17.833333333333332
2550400201,10,5.5,7,95.75,22.5
2550400301,8,8,0,48,16
2550400401,13,28,1,153.5,42
2550400501,33,20,25,339.5,78
2550400502,72,36,63,774,171
2550400601,11.5,11,8,130.75,30.5
2550400701,19.5,8,0,65.25,27.5
2550400801,2,3,2,32.5,7
2550400901,20.333333333333332,28,0,156.5,48.33333333333333
2550401001,11.5,15.5,2,103,29
2550401002,18.5,8,10,143.75,36.5
2550401101,5.5,7,2.5,59.75,15
2550401201,55.166666666666664,1,1.1666666666666667,96.58333333333333,57.33333333333333
2550401202,6.25,4,0,27.375,10.25
2550401301,7.666666666666666,7,1,51,15.666666666666666
2550401302,28.75,43,2,252.625,73.75
2550401401,7.666666666666666,5.5,4,68.25,17.166666666666664
2550401501,17.583333333333332,12,8,144.375,37.58333333333333
2550401601,51.166666666666664,10,0,121.75,61.166666666666664
2550401701,4,70,0,321,74
2550401801,10,14,0,78,24
2550401901,0,14,0.5,67,14.5
2550402001,2.5,8,0,39.75,10.5
2550402101,5.5,3,0,21.75,8.5
2550402201,5,28,0,133.5,33
2550402301,31,19,0,132,50
2550402401,15.833333333333334,7,0,55.25,22.833333333333336
2550402501,14.666666666666666,2,1,39,17.666666666666664
2550402601,5.5,2,0,17.25,7.5
2550402701,28.333333333333332,14,0,105.5,42.33333333333333
2550402801,11,7,28,272,46
2550402901,8.5,16,0,84.75,24.5
2550403001,12,12,0,72,24
2550403101,58.333333333333336,0,0,87.5,58.333333333333336
2550403102,8.333333333333332,1.5,1,27.25,10.833333333333332
2550403201,8.833333333333334,14,0,76.25,22.833333333333336
2550403301,3.083333333333333,2,0,13.625,5.083333333333333
2550403401,77.25,7,0,147.375,84.25
2550403501,10.5,48,5,271.75,63.5
2550403601,4,28,2,148,34
2550403701,3.8333333333333335,7,3,61.25,13.833333333333334
2550403801,36.166666666666664,8.5,7.5,152.5,52.166666666666664
2550403901,0.6666666666666666,1.3333333333333333,0,7,2
2550404001,6.5,10.666666666666666,0.3333333333333333,60.416666666666664,17.499999999999996
2550404101,5.833333333333333,5,3,55.25,13.833333333333332
2550404102,23,16.333333333333332,0.3333333333333333,110.66666666666667,39.666666666666664
2550404201,8,1,7,72.5,16
2550404202,6.166666666666666,0,0,9.25,6.166666666666666
2550404301,5.166666666666666,18.666666666666664,4,123.74999999999999,27.83333333333333
2550404401,20,2.333333333333333,4.666666666666666,77.83333333333333,27
2550404501,8.5,0,0,12.75,8.5
2550404601,112,7,48,583.5,167
2550404701,10.999999999999998,0.3333333333333333,0.3333333333333333,20.666666666666664,11.666666666666666
2550404801,84,20.5,8,282.25,112.5
2550404901,3.75,0,2,21.625,5.75
2550404902,34.666666666666664,9.333333333333332,0,94,44
2550405001,4,28,3,156,35
2550405101,12,9.5,24,252.75,45.5
2550405201,8.666666666666666,16.333333333333336,2,102.50000000000001,27
2550405301,56.166666666666664,28,0.5,214.25,84.66666666666666
2550405302,4.5,8,0,42.75,12.5
2550405401,8.25,2.1666666666666665,0.3333333333333333,24.791666666666668,10.75
2550405501,5,2,0,16.5,7
2550405601,6,0.6666666666666666,0,12,6.666666666666667
2550405701,8.833333333333332,31.5,0,155,40.33333333333333
2550405801,9,20,0,103.5,29
2550405901,5.75,3.5,0,24.375,9.25
2550406001,32.666666666666664,21,4,175.5,57.666666666666664
2550406101,4.5,15,0,74.25,19.5
2550406201,45.5,7,2,115.75,54.5
2550406301,26,14,3.1666666666666665,127.33333333333333,43.166666666666664
2550406401,7,1.5,0,17.25,8.5
2550406501,3.6666666666666665,8.5,0,43.75,12.166666666666666
2550406601,38.25,0.5,6.25,109.625,45
2550406602,4.75,21,2,117.625,27.75
2550406701,7.75,51,40,561.125,98.75
2550406702,15,4,2,56.5,21
2550406801,12.833333333333334,21.25,21,282.875,55.083333333333336
2550406802,4.666666666666667,5,1.1666666666666667,38.833333333333336,10.833333333333334
2550406803,22.5,5.333333333333333,0,57.75,27.833333333333332
2550406901,12,2,0,27,14
2550406902,8,5,15,154.5,28
2550407001,2,28,0,129,30
2550407101,23,25,0,147,48
2550407201,24.166666666666668,21,21,298.75,66.16666666666667
2550407401,4.166666666666667,4.166666666666667,0,25,8.333333333333334
2550407501,7.5,0,0,11.25,7.5
2550407601,2.816666666666667,1.6666666666666665,0,11.725,4.483333333333333
2550407701,4.666666666666666,15.333333333333334,0,76,20
2550407801,6.583333333333333,9.5,0,52.625,16.083333333333332
2550407802,8.833333333333332,8.166666666666666,3.5,78,20.5
2550407901,25.333333333333332,1.5,0,44.75,26.833333333333332
2550408001,5.666666666666667,3,0,22,8.666666666666668
2550408101,36,21.75,6,199.875,63.75
2550408201,5,14,0,70.5,19
2550408301,6.25,4,0,27.375,10.25
2550408401,11.916666666666666,1.75,0,25.75,13.666666666666666
2550408501,5.666666666666666,42,0,197.5,47.666666666666664
2550408601,7,14,0,73.5,21
2550408602,9.833333333333334,0,0,14.75,9.833333333333334
2550408701,2.0666666666666664,42,1,200.1,45.06666666666666
2550408801,3.3333333333333335,28,2,147,33.33333333333333
2550408901,25.5,28,0,164.25,53.5
2550409001,6.833333333333333,3.5,0,26,10.333333333333332
2550409101,1.1666666666666667,7,8,97.25,16.166666666666664
2550409201,25,42,0,226.5,67
2550409301,23,4.5,7,110.75,34.5
2550409302,2.75,14,0,67.125,16.75
2550409401,1.5,0.6666666666666666,0,5.25,2.1666666666666665
2550409501,12,7,0,49.5,19
2550409601,8.833333333333332,14,0.5,80.25,23.333333333333332
2550409701,4.833333333333333,24,0,115.25,28.833333333333332
2550409801,3.916666666666667,4.666666666666666,1.3333333333333333,37.541666666666664,9.916666666666666
2550409901,22.5,7,0,65.25,29.5
2550410001,2,14,0,66,16
2550410101,3.25,20,1,102.875,24.25
2550410201,2.8333333333333335,4,0,22.25,6.833333333333334
2550410301,10,28,0,141,38
2550410401,29,0,4,75.5,33
2550410402,5.5,7,2,55.75,14.5
2550410501,2.5,2,3,36.75,7.5
2550410601,6.5,7,1,49.25,14.5
2550410602,25.166666666666668,16.5,0,112,41.66666666666667
2550410701,7,14,0,73.5,21
2550410801,19.333333333333332,17,0.25,107.5,36.58333333333333
2550410901,5.333333333333333,0.5,0,10.25,5.833333333333333
2550410902,8.166666666666666,14,0,75.25,22.166666666666664
2550411001,10,14,1,86,25
2550411101,5.25,9,0,48.375,14.25
2550411201,7,7.5,0.5,48.25,15
2550411301,2.333333333333333,16,23,259.5,41.33333333333333
2550411401,5.166666666666666,12,0,61.75,17.166666666666664
2550411501,7,6,0,37.5,13
2550411601,8.5,3.5,1,36.5,13
2550411701,8.666666666666666,39,2.333333333333333,207.16666666666666,50
2550411801,35,14,4,147.5,53
2550411802,44.333333333333336,3.0833333333333335,0,80.375,47.41666666666667
2550411901,15.5,7,2,70.75,24.5
2550412001,2,14,0.5,70,16.5
2550412101,9.333333333333332,3,0,27.5,12.333333333333332
2550412201,18.25,1.5,0,34.125,19.75
2550412202,18,21,1,129.5,40
2550412301,12,11,0,67.5,23
2550412401,3.5,3.5,2.5833333333333335,41.66666666666667,9.583333333333334
2550412501,7,5,6,81,18
2550412502,5.5,14.5,6,121.5,26
2550412601,14,28,0,147,42
2550412701,2.6666666666666665,25,0,116.5,27.666666666666668
2550412702,21.25,10,15,196.875,46.25
2550412801,6.833333333333333,10.5,1,65.5,18.333333333333332
2550413001,15.833333333333332,14,1,94.75,30.833333333333332
2550413101,26,6,0,66,32
2550413102,10,0.08333333333333333,0,15.375,10.083333333333334
2550413201,1,0,0,1.5,1
2550413202,6,2,0,18,8
2550413301,4,14,0,69,18
2550413401,23.5,8,0,71.25,31.5
2550413501,1.25,7,0,33.375,8.25
2550413601,3.5,35.5,0,165,39
2550413701,10,26,0,132,36
2550413801,11.833333333333334,0,0,17.75,11.833333333333334
2550413802,6.833333333333333,14,0,73.25,20.833333333333332
2550413901,6.5,14,0,72.75,20.5
2550414001,12.166666666666666,20,2,124.25,34.166666666666664
2550414101,13.333333333333332,28,24,338,65.33333333333333
2550414201,3,0.25,6,53.625,9.25
2550414301,6,42,2,214,50
2550414401,27.5,41,0,225.75,68.5
2550414501,18.5,16.166666666666668,0,100.5,34.66666666666667
2550414601,116,77,12,616.5,205
2550414701,10.333333333333334,20,36,393.5,66.33333333333334
2550414801,0.5,14,0,63.75,14.5
2550414901,5,10,0,52.5,15
2550415001,14.5,29,0.16666666666666666,153.58333333333334,43.666666666666664
2550415101,7.75,7,0.5,47.125,15.25
2550415201,10,21,3.5,137.5,34.5
2550415301,10.5,4,0,33.75,14.5
2550415302,5.25,0.6666666666666666,0,10.875,5.916666666666667
2550415401,4.166666666666666,4,0,24.25,8.166666666666666
2550415501,3,7,0.25,38,10.25
2550415502,16.833333333333332,43,2.25,236.75,62.08333333333333
2550415601,9,28,0,139.5,37
2550415701,4,8,3,66,15
2550415801,3,4.666666666666667,0.8333333333333333,32.166666666666664,8.5
2550415901,1.5,28,12,224.25,41.5
2550416001,5.333333333333333,7,0.3333333333333333,42.166666666666664,12.666666666666666
2550416101,17.5,56,0,278.25,73.5
2550416201,17.833333333333332,1,0,31.25,18.833333333333332
2550416301,33,17,7,182,57
2550416302,1.75,14,0,65.625,15.75
2550416401,8.5,4,4,62.75,16.5
2550416501,15,21.75,0,120.375,36.75
2550416601,8.333333333333332,2,0,21.5,10.333333333333332
2550416701,1,7,0,33,8
2550416702,19.333333333333332,3,4.333333333333333,77.16666666666666,26.666666666666664
2550416801,13,6,1,54.5,20
2550416901,5.5,7,0,39.75,12.5
2550416902,4.25,2.333333333333333,0,16.875,6.583333333333333
2550417001,9.666666666666666,8,2,66.5,19.666666666666664
2550417101,24,14,2,115,40
2550417201,6.833333333333333,14,0,73.25,20.833333333333332
2550417301,18.5,14,0,90.75,32.5
2550417401,18,28,0,153,46
2550417501,2.5,1,1,16.25,4.5
2550417601,12,15,0,85.5,27
2550417701,5.166666666666666,3.3333333333333335,5,62.75,13.5
2550417801,24.5,14,7,155.75,45.5
2550417901,6.5,3,0,23.25,9.5
2550418001,4.333333333333333,1.3333333333333333,0,12.5,5.666666666666666
2550418002,12.083333333333332,76,0,360.125,88.08333333333333
2550418101,3.1666666666666665,7.166666666666667,0,37,10.333333333333334
2550418201,7.5,3,0,24.75,10.5
2550418301,11,2.4999999999999996,0.3333333333333333,30.416666666666668,13.833333333333334
2550418401,7.5,42,2,216.25,51.5
2550418501,6.5,14,0,72.75,20.5
2550418601,11.75,28,7,199.625,46.75
2550418701,6,28,0,135,34
2550418702,5.166666666666666,2.833333333333333,0,20.499999999999996,7.999999999999999
2550418801,7.083333333333333,14,0,73.625,21.083333333333332
2550418901,7.166666666666667,2.6666666666666665,0.5,26.75,10.333333333333334
2550419001,9.166666666666666,3.75,0.5,34.625,13.416666666666666
2550419101,42,14,0,126,56
2550419201,2.5,8,0,39.75,10.5
2550419301,10,14,3,102,27
2550419302,8.5,1.75,0,20.625,10.25
2550419401,8.75,1,0,17.625,9.75
2550419402,12.083333333333332,42.75,0.5,214.5,55.33333333333333
2550419501,4.666666666666666,7,0.16666666666666666,39.833333333333336,11.833333333333332
2550419601,3.75,1,0,10.125,4.75
2550419701,15.666666666666666,11.666666666666666,0,76,27.333333333333332
2550419801,4.25,2.333333333333333,0,16.875,6.583333333333333
2550419901,4.75,14,0,70.125,18.75
2550420001,3.833333333333333,7,4,69.25,14.833333333333332
2550420101,3.5,14,4,100.25,21.5
2550420201,7,70,0,325.5,77
2550420301,11.25,54,3,283.875,68.25
2550420401,2.5,8,10,119.75,20.5
2550420501,4.5,14,4,101.75,22.5
2550420601,6.75,2.333333333333333,8,84.625,17.083333333333332
2550420701,2.6666666666666665,0,1,12,3.6666666666666665
2550420702,28.333333333333332,11,1,100,40.33333333333333
2550420801,3.6666666666666665,15,0.25,75,18.916666666666668
2550420901,7,14,3,97.5,24
2550421201,4.666666666666666,3.5,0.16666666666666666,24.083333333333332,8.333333333333332
2550421301,3.8333333333333335,8,0,41.75,11.833333333333334
